full_date,date,weekday,time,mood,activities,scales,note_title,note
2026-08-02,August 2,Sunday,1:16 PM,good,"","Energy: Low 2/5","",""
2026-08-01,August 1,Saturday,7:00 PM,good,"","","",""
2026-08-01,August 1,Saturday,2:03 PM,meh,"","","",""
2026-07-31,July 31,Friday,10:13 AM,meh,"","Energy: Low 2/5","",""
2026-07-30,July 30,Thursday,7:00 PM,meh,"","","",""
2026-07-30,July 30,Thursday,12:30 PM,good,"","Energy: Low 2/5","",""
2026-07-30,July 30,Thursday,9:06 AM,good,"","Energy: OK 3/5","",""
2026-07-29,July 29,Wednesday,10:35 PM,good,"","Energy: OK 3/5","",""
2026-07-29,July 29,Wednesday,11:58 AM,good,"","","",""
2026-07-28,July 28,Tuesday,7:09 PM,meh,"","","",""
2026-07-28,July 28,Tuesday,1:07 PM,good,"","","",""
2026-07-28,July 28,Tuesday,9:05 AM,good,"","Energy: Low 2/5","",""
2026-07-27,July 27,Monday,7:27 PM,rad,"friends | Mason","","",""
2026-07-27,July 27,Monday,9:00 AM,good,"","","",""
2026-07-26,July 26,Sunday,9:01 PM,good,"","","",""
2026-07-26,July 26,Sunday,2:09 PM,good,"","Energy: Exhausted 1/5","",""
2026-07-26,July 26,Sunday,10:45 AM,good,"","Energy: Low 2/5","",""
2026-07-25,July 25,Saturday,8:31 PM,good,"","Energy: Exhausted 1/5","","I am so tired after today!"
2026-07-25,July 25,Saturday,2:06 PM,rad,"","","",""
2026-07-25,July 25,Saturday,10:31 AM,rad,"Mason","Energy: OK 3/5","",""
2026-07-24,July 24,Friday,8:04 PM,rad,"Mason","","","Mason lives here now!"
2026-07-24,July 24,Friday,9:00 AM,good,"","Energy: OK 3/5","",""
2026-07-23,July 23,Thursday,12:34 PM,good,"Jeff","","",""
2026-07-23,July 23,Thursday,9:34 AM,meh,"","Energy: Low 2/5","",""
2026-07-22,July 22,Wednesday,7:15 PM,meh,"","Energy: Low 2/5","",""
2026-07-22,July 22,Wednesday,12:16 PM,good,"Jeff","","",""
2026-07-21,July 21,Tuesday,7:02 PM,good,"","","",""
2026-07-21,July 21,Tuesday,9:02 AM,good,"","Energy: OK 3/5","",""
2026-07-20,July 20,Monday,7:13 PM,good,"","Energy: OK 3/5","",""
2026-07-20,July 20,Monday,2:23 PM,good,"","Energy: High 4/5","",""
2026-07-20,July 20,Monday,9:00 AM,meh,"","Energy: Exhausted 1/5","",""
2026-07-19,July 19,Sunday,7:00 PM,rad,"Mason","","",""
2026-07-18,July 18,Saturday,7:00 PM,rad,"","","",""
2026-07-17,July 17,Friday,2:22 PM,meh,"","Energy: Low 2/5","",""
2026-07-17,July 17,Friday,9:00 AM,bad,"","Energy: Exhausted 1/5","",""
2026-07-16,July 16,Thursday,7:46 PM,good,"","Energy: Low 2/5","",""
2026-07-16,July 16,Thursday,1:01 PM,meh,"","Energy: Exhausted 1/5","",""
2026-07-16,July 16,Thursday,9:50 AM,meh,"","","",""
2026-07-15,July 15,Wednesday,7:05 PM,good,"","Energy: OK 3/5","",""
2026-07-15,July 15,Wednesday,9:05 AM,meh,"","Energy: Low 2/5","",""
2026-07-14,July 14,Tuesday,8:03 PM,good,"Mason","Energy: OK 3/5","",""
2026-07-14,July 14,Tuesday,9:09 AM,meh,"","Energy: Low 2/5","",""
2026-07-13,July 13,Monday,8:46 PM,bad,"","","",""
2026-07-13,July 13,Monday,12:30 PM,good,"","","",""
2026-07-12,July 12,Sunday,7:21 PM,good,"","","",""
2026-07-12,July 12,Sunday,12:35 PM,good,"","","",""
2026-07-12,July 12,Sunday,9:01 AM,good,"","","",""
2026-07-11,July 11,Saturday,7:13 PM,good,"Mason","","",""
2026-07-10,July 10,Friday,8:08 PM,good,"Bryan","","",""
2026-07-10,July 10,Friday,9:07 AM,bad,"","Energy: Exhausted 1/5","",""
2026-07-09,July 9,Thursday,9:37 PM,bad,"","Energy: Low 2/5","",""
2026-07-09,July 9,Thursday,7:26 PM,meh,"","","",""
2026-07-09,July 9,Thursday,10:52 AM,meh,"","Energy: Low 2/5","",""
2026-07-08,July 8,Wednesday,7:09 PM,meh,"","","",""
2026-07-07,July 7,Tuesday,7:00 PM,good,"Mason","","",""
2026-07-07,July 7,Tuesday,9:30 AM,meh,"","Energy: Exhausted 1/5","","Feeling sick "
2026-07-06,July 6,Monday,9:30 PM,meh,"","","",""
2026-07-06,July 6,Monday,3:04 PM,bad,"","","","I'm not sure if this is post vacation blues or what, but I feel so crappy. Mason will soon be moving in which I'm looking forward to, but have no motivation to do anything to prepare for that."
2026-07-06,July 6,Monday,2:03 PM,meh,"","","",""
2026-07-06,July 6,Monday,9:06 AM,good,"","","",""
2026-07-05,July 5,Sunday,10:40 PM,meh,"","","",""
2026-07-05,July 5,Sunday,12:31 PM,rad,"Mason","","",""
2026-07-04,July 4,Saturday,7:01 PM,rad,"Mason","","",""
2026-07-04,July 4,Saturday,9:25 AM,good,"","","",""
2026-07-03,July 3,Friday,7:19 PM,good,"","","",""
2026-07-03,July 3,Friday,12:57 PM,rad,"Mason","","",""
2026-07-03,July 3,Friday,9:03 AM,good,"","","",""
2026-07-02,July 2,Thursday,7:13 PM,rad,"Mason","","",""
2026-07-01,July 1,Wednesday,8:03 PM,meh,"","Energy: Low 2/5","",""
2026-07-01,July 1,Wednesday,1:16 PM,rad,"Mason","","",""
2026-07-01,July 1,Wednesday,9:00 AM,good,"","","",""
2026-06-30,June 30,Tuesday,7:35 PM,good,"","","",""
2026-06-30,June 30,Tuesday,9:03 AM,good,"","","",""
2026-06-29,June 29,Monday,7:29 PM,meh,"","","",""
2026-06-29,June 29,Monday,1:30 PM,good,"","","",""
2026-06-29,June 29,Monday,9:04 AM,meh,"","Energy: Low 2/5","",""
2026-06-28,June 28,Sunday,7:20 PM,meh,"","","",""
2026-06-28,June 28,Sunday,1:59 PM,good,"","","",""
2026-06-27,June 27,Saturday,7:00 PM,good,"","","",""
2026-06-26,June 26,Friday,8:00 PM,rad,"Mason","","",""
2026-06-26,June 26,Friday,3:52 PM,good,"","","",""
2026-06-25,June 25,Thursday,11:04 PM,good,"","","",""
2026-06-25,June 25,Thursday,12:25 PM,meh,"","Energy: Low 2/5","",""
2026-06-25,June 25,Thursday,11:28 AM,good,"","Energy: Low 2/5","",""
2026-06-24,June 24,Wednesday,11:54 PM,good,"","","",""
2026-06-23,June 23,Tuesday,2:39 PM,good,"","","",""
2026-06-23,June 23,Tuesday,9:02 AM,good,"","","",""
2026-06-22,June 22,Monday,7:48 PM,meh,"","","",""
2026-06-22,June 22,Monday,12:40 PM,good,"","","",""
2026-06-22,June 22,Monday,9:04 AM,meh,"","","",""
2026-06-21,June 21,Sunday,10:17 PM,meh,"","Energy: Exhausted 1/5","",""
2026-06-21,June 21,Sunday,12:32 PM,good,"","","",""
2026-06-21,June 21,Sunday,9:02 AM,good,"","","",""
2026-06-20,June 20,Saturday,7:02 PM,good,"","","",""
2026-06-20,June 20,Saturday,12:37 PM,rad,"","","",""
2026-06-19,June 19,Friday,12:35 PM,good,"","","",""
2026-06-18,June 18,Thursday,8:35 PM,good,"","","",""
2026-06-18,June 18,Thursday,1:37 PM,meh,"","","",""
2026-06-18,June 18,Thursday,9:25 AM,bad,"","","",""
2026-06-17,June 17,Wednesday,7:03 PM,meh,"","","",""
2026-06-17,June 17,Wednesday,12:34 PM,awful,"","","",""
2026-06-16,June 16,Tuesday,7:00 PM,awful,"Mason","","",""
2026-06-16,June 16,Tuesday,9:00 AM,meh,"","","",""
2026-06-15,June 15,Monday,7:00 PM,good,"","","",""
2026-06-15,June 15,Monday,3:59 PM,bad,"","Energy: Low 2/5","",""
2026-06-15,June 15,Monday,12:01 PM,meh,"","","",""
2026-06-14,June 14,Sunday,4:06 PM,meh,"","","",""
2026-06-13,June 13,Saturday,11:33 PM,good,"","","",""
2026-06-13,June 13,Saturday,2:32 PM,rad,"","","",""
2026-06-13,June 13,Saturday,9:03 AM,rad,"","","",""
2026-06-12,June 12,Friday,9:04 AM,meh,"","","",""
2026-06-11,June 11,Thursday,8:34 PM,meh,"","","",""
2026-06-11,June 11,Thursday,12:36 PM,good,"","Energy: Exhausted 1/5","","I'm struggling with Desoxyn but thankfully not as much mood wise as before. I called my psychiatrist and asked to switch back to Dexedrine. I don't think I want to switch medicines for a long time."
2026-06-10,June 10,Wednesday,8:36 PM,rad,"Mason","","",""
2026-06-10,June 10,Wednesday,3:35 PM,meh,"","","","I feel bad that I'm ""meh"" because today is Mason's birthday... I want to celebrate him, but this morning we had a bit of an argument about my mom not wanting him to move in."
2026-06-10,June 10,Wednesday,12:30 PM,meh,"","","",""
2026-06-09,June 9,Tuesday,10:21 PM,meh,"","","",""
2026-06-09,June 9,Tuesday,12:33 PM,meh,"","","",""
2026-06-08,June 8,Monday,11:30 PM,rad,"","","","Just released my first album!"
2026-06-08,June 8,Monday,2:30 PM,good,"","","",""
2026-06-07,June 7,Sunday,10:39 PM,good,"","","",""
2026-06-07,June 7,Sunday,12:39 PM,bad,"","","",""
2026-06-06,June 6,Saturday,11:00 PM,bad,"","","",""
2026-06-06,June 6,Saturday,1:08 PM,rad,"friends | Mason","","",""
2026-06-06,June 6,Saturday,10:21 AM,good,"","","",""
2026-06-05,June 5,Friday,7:00 PM,good,"","","",""
2026-06-04,June 4,Thursday,11:32 PM,bad,"","","",""
2026-06-04,June 4,Thursday,11:42 AM,good,"","","",""
2026-06-03,June 3,Wednesday,7:16 PM,good,"","","",""
2026-06-03,June 3,Wednesday,9:37 AM,good,"","","",""
2026-06-02,June 2,Tuesday,11:57 PM,good,"","","",""
2026-06-02,June 2,Tuesday,12:33 PM,good,"","","",""
2026-06-01,June 1,Monday,7:55 PM,meh,"","","",""
2026-06-01,June 1,Monday,12:41 PM,good,"","","",""
2026-05-31,May 31,Sunday,8:37 PM,bad,"","","",""
2026-05-31,May 31,Sunday,1:29 PM,meh,"","","",""
2026-05-30,May 30,Saturday,2:27 PM,rad,"family | Mason","","",""
2026-05-30,May 30,Saturday,9:04 AM,good,"","","",""
2026-05-29,May 29,Friday,12:31 PM,rad,"Bryan","","",""
2026-05-29,May 29,Friday,9:38 AM,good,"","","",""
2026-05-28,May 28,Thursday,11:36 PM,good,"","","",""
2026-05-28,May 28,Thursday,12:36 PM,meh,"","","",""
2026-05-28,May 28,Thursday,9:03 AM,bad,"","","",""
2026-05-27,May 27,Wednesday,7:39 PM,bad,"","","","Mason is not happy about me switching to Desoxyn."
2026-05-27,May 27,Wednesday,9:01 AM,meh,"","","",""
2026-05-26,May 26,Tuesday,11:11 PM,bad,"","","",""
2026-05-25,May 25,Monday,7:28 PM,awful,"","","","I don't think Mom is going to let me have Mason move in. I'm going to have to probably move in with him. I don't want that. But, I'm not going to live my life bound by her. I will help take care of her, but she needs to meet me in the middle."
2026-05-25,May 25,Monday,4:07 PM,bad,"","","",""
2026-05-25,May 25,Monday,9:57 AM,good,"","","",""
2026-05-24,May 24,Sunday,11:10 PM,good,"","","",""
2026-05-24,May 24,Sunday,2:33 PM,good,"","","",""
2026-05-24,May 24,Sunday,9:47 AM,bad,"","","",""
2026-05-23,May 23,Saturday,12:30 PM,rad,"Mason","","",""
2026-05-22,May 22,Friday,11:22 PM,rad,"Mason","","",""
2026-05-22,May 22,Friday,1:55 PM,meh,"","","",""
2026-05-22,May 22,Friday,9:21 AM,meh,"","","",""
2026-05-21,May 21,Thursday,7:07 PM,bad,"","","",""
2026-05-21,May 21,Thursday,1:00 PM,good,"","","",""
2026-05-21,May 21,Thursday,9:00 AM,meh,"","","",""
2026-05-20,May 20,Wednesday,11:10 PM,meh,"","","",""
2026-05-20,May 20,Wednesday,12:31 PM,meh,"","","",""
2026-05-19,May 19,Tuesday,10:37 PM,awful,"","","",""
2026-05-19,May 19,Tuesday,10:11 AM,good,"","","",""
2026-05-18,May 18,Monday,7:00 PM,good,"","","",""
2026-05-17,May 17,Sunday,11:30 PM,bad,"","","",""
2026-05-17,May 17,Sunday,12:38 PM,bad,"","","",""
2026-05-16,May 16,Saturday,8:00 PM,good,"","","",""
2026-05-15,May 15,Friday,8:33 PM,good,"","","",""
2026-05-15,May 15,Friday,2:16 PM,good,"","","",""
2026-05-14,May 14,Thursday,7:00 PM,good,"","","",""
2026-05-14,May 14,Thursday,4:07 PM,meh,"","","",""
2026-05-13,May 13,Wednesday,10:20 PM,bad,"","","",""
2026-05-13,May 13,Wednesday,7:45 PM,meh,"","","",""
2026-05-13,May 13,Wednesday,12:38 PM,good,"","","",""
2026-05-13,May 13,Wednesday,9:03 AM,meh,"","","",""
2026-05-12,May 12,Tuesday,2:48 PM,meh,"","","",""
2026-05-11,May 11,Monday,8:00 PM,meh,"","","",""
2026-05-10,May 10,Sunday,7:23 PM,good,"","","",""
2026-05-10,May 10,Sunday,3:53 PM,rad,"","","",""
2026-05-09,May 9,Saturday,2:10 PM,rad,"","","",""
2026-05-09,May 9,Saturday,9:24 AM,rad,"","","",""
2026-05-08,May 8,Friday,11:42 PM,good,"","","","Starting Xcopri 12.5 mg, increasing Vraylar to 3 mg"
2026-05-07,May 7,Thursday,11:24 PM,meh,"","","",""
2026-05-07,May 7,Thursday,6:41 PM,awful,"Mason","","",""
2026-05-06,May 6,Wednesday,10:07 PM,bad,"Mason","","","I tried telling Mason how I felt better and had more insight into my feelings but he picked me apart and was saying how I need to quit paying so much attention to my feelings. I just felt so kicked in the ribs that I just went to sleep. It never goes well when I communicate with him. Yet he wonders why I am afraid to talk to him about certain things. I am wondering how much longer I can tolerate this, for how much longer I can see that as something that happens infrequently enough to matter... I don't have a good feeling about this."
2026-05-06,May 6,Wednesday,9:09 AM,meh,"","","",""
2026-05-05,May 5,Tuesday,10:19 PM,awful,"","","","I'm drinking for the first time in a while and for a bad reason... I'm trying to numb the depression and passive suicidality... I don't want to go to the ER and get told to follow-up with my psychiatrist, nor do I want to go to Wellstone and get locked up until morning. I don't want to hang to deal with managing all the bullshit that would come with missing work, there's no room to miss work now that I'm the POC for the testers. I wouldn't mind just not existing anymore. But my family and friends would miss me, Mason included. They would feel sad, and probably guilty. I don't want that for them. My mom would never get over it, she still hasn't gotten over Dad. I don't want to be cruel like that."
2026-05-05,May 5,Tuesday,7:34 PM,meh,"","","",""
2026-05-04,May 4,Monday,8:16 PM,bad,"","","",""
2026-05-04,May 4,Monday,5:30 PM,meh,"","","",""
2026-05-04,May 4,Monday,1:34 PM,good,"","","",""
2026-05-03,May 3,Sunday,12:51 PM,good,"","","",""
2026-05-02,May 2,Saturday,7:16 PM,good,"","","",""
2026-05-02,May 2,Saturday,1:24 PM,good,"Mason","","",""
2026-05-02,May 2,Saturday,10:09 AM,good,"","","",""
2026-05-01,May 1,Friday,3:07 PM,good,"","","",""
2026-05-01,May 1,Friday,2:30 AM,awful,"Mason","","",""
2026-04-30,April 30,Thursday,7:00 PM,good,"","","",""
2026-04-29,April 29,Wednesday,6:48 PM,meh,"","","",""
2026-04-29,April 29,Wednesday,9:48 AM,good,"","","",""
2026-04-28,April 28,Tuesday,7:02 PM,rad,"Mason","","",""
2026-04-28,April 28,Tuesday,11:23 AM,good,"","","",""
2026-04-28,April 28,Tuesday,8:57 AM,good,"","","",""
2026-04-27,April 27,Monday,8:00 PM,good,"","","",""
2026-04-26,April 26,Sunday,11:14 PM,good,"Mason","","",""
2026-04-26,April 26,Sunday,9:30 PM,bad,"","","","Panic"
2026-04-26,April 26,Sunday,12:00 PM,good,"","","",""
2026-04-25,April 25,Saturday,7:12 PM,rad,"Mason","","",""
2026-04-25,April 25,Saturday,9:27 AM,rad,"","","",""
2026-04-24,April 24,Friday,7:58 PM,good,"","","",""
2026-04-24,April 24,Friday,10:12 AM,rad,"Productive day","","","I'm the team lead for the software testers now!"
2026-04-23,April 23,Thursday,7:20 PM,meh,"","","",""
2026-04-23,April 23,Thursday,1:01 PM,good,"","","",""
2026-04-22,April 22,Wednesday,9:24 PM,good,"","","",""
2026-04-22,April 22,Wednesday,11:29 AM,good,"","","",""
2026-04-21,April 21,Tuesday,2:42 PM,meh,"","","",""
2026-04-21,April 21,Tuesday,10:47 AM,good,"","Energy: Exhausted 1/5","",""
2026-04-20,April 20,Monday,12:16 PM,good,"","","",""
2026-04-19,April 19,Sunday,7:00 PM,meh,"","","",""
2026-04-19,April 19,Sunday,4:18 PM,meh,"","","",""
2026-04-19,April 19,Sunday,5:20 AM,meh,"","","",""
2026-04-18,April 18,Saturday,7:04 PM,good,"","","",""
2026-04-18,April 18,Saturday,12:47 PM,good,"friends | Mason","","",""
2026-04-17,April 17,Friday,9:32 PM,rad,"","","",""
2026-04-16,April 16,Thursday,5:43 PM,meh,"","","",""
2026-04-16,April 16,Thursday,10:36 AM,good,"","Energy: Exhausted 1/5","",""
2026-04-15,April 15,Wednesday,7:35 PM,good,"","","",""
2026-04-15,April 15,Wednesday,3:25 PM,good,"","","",""
2026-04-14,April 14,Tuesday,6:49 PM,meh,"","","",""
2026-04-14,April 14,Tuesday,10:05 AM,meh,"","","",""
2026-04-13,April 13,Monday,10:26 PM,bad,"","","",""
2026-04-13,April 13,Monday,6:29 PM,meh,"","","","Finances are stressful..."
2026-04-13,April 13,Monday,12:32 PM,good,"","","",""
2026-04-12,April 12,Sunday,11:42 PM,good,"","","",""
2026-04-12,April 12,Sunday,12:37 PM,good,"","","",""
2026-04-11,April 11,Saturday,9:05 PM,rad,"","","",""
2026-04-11,April 11,Saturday,1:00 PM,rad,"","","",""
2026-04-10,April 10,Friday,9:20 AM,good,"","Energy: High 4/5","",""
2026-04-09,April 9,Thursday,7:08 PM,good,"","","",""
2026-04-09,April 9,Thursday,1:45 PM,meh,"","","",""
2026-04-08,April 8,Wednesday,7:04 PM,meh,"","Energy: Exhausted 1/5","",""
2026-04-07,April 7,Tuesday,8:19 PM,good,"","","",""
2026-04-07,April 7,Tuesday,9:37 AM,meh,"","Energy: Exhausted 1/5","",""
2026-04-06,April 6,Monday,7:06 PM,good,"","","",""
2026-04-06,April 6,Monday,11:27 AM,good,"","","",""
2026-04-06,April 6,Monday,4:33 AM,meh,"","","",""
2026-04-05,April 5,Sunday,10:00 PM,good,"friends | Mason","","",""
2026-04-05,April 5,Sunday,6:04 PM,meh,"","Energy: Exhausted 1/5","",""
2026-04-05,April 5,Sunday,12:44 PM,awful,"family","","",""
2026-04-04,April 4,Saturday,9:56 AM,good,"","","",""
2026-04-03,April 3,Friday,7:32 PM,meh,"","","",""
2026-04-03,April 3,Friday,9:02 AM,good,"","Energy: OK 3/5","",""
2026-04-02,April 2,Thursday,7:04 PM,meh,"","","",""
2026-04-02,April 2,Thursday,12:34 PM,good,"Mason","Energy: Exhausted 1/5","",""
2026-04-01,April 1,Wednesday,7:11 PM,good,"","","",""
2026-04-01,April 1,Wednesday,12:33 PM,good,"","","",""
2026-03-31,March 31,Tuesday,7:26 PM,bad,"","","",""
2026-03-31,March 31,Tuesday,12:59 PM,good,"","","",""
2026-03-31,March 31,Tuesday,9:11 AM,good,"","Energy: Low 2/5","",""
2026-03-30,March 30,Monday,8:18 PM,meh,"","Energy: Exhausted 1/5","","I went up to Vraylar 3 mg. I should not have done that."
2026-03-30,March 30,Monday,4:25 PM,meh,"","Energy: Low 2/5","",""
2026-03-30,March 30,Monday,11:29 AM,good,"","Energy: Exhausted 1/5","",""
2026-03-29,March 29,Sunday,7:10 PM,meh,"","","",""
2026-03-29,March 29,Sunday,3:55 PM,rad,"friends | Mason","","",""
2026-03-28,March 28,Saturday,7:28 PM,good,"","Energy: Low 2/5","",""
2026-03-28,March 28,Saturday,1:57 PM,good,"","","",""
2026-03-27,March 27,Friday,7:00 PM,good,"","","",""
2026-03-27,March 27,Friday,12:44 PM,meh,"","","",""
2026-03-27,March 27,Friday,10:13 AM,good,"","","",""
2026-03-26,March 26,Thursday,7:00 PM,bad,"Mason","","",""
2026-03-26,March 26,Thursday,1:00 PM,good,"","","",""
2026-03-25,March 25,Wednesday,7:08 PM,good,"","","",""
2026-03-25,March 25,Wednesday,9:25 AM,meh,"","","",""
2026-03-24,March 24,Tuesday,8:16 PM,good,"","","",""
2026-03-24,March 24,Tuesday,3:46 PM,good,"","","",""
2026-03-23,March 23,Monday,11:00 PM,good,"Mason","","",""
2026-03-23,March 23,Monday,1:29 PM,awful,"Mason","","",""
2026-03-23,March 23,Monday,10:12 AM,bad,"","","",""
2026-03-22,March 22,Sunday,7:15 PM,good,"","","",""
2026-03-22,March 22,Sunday,3:30 PM,awful,"Mason","","",""
2026-03-22,March 22,Sunday,12:35 PM,meh,"","","",""
2026-03-21,March 21,Saturday,11:29 PM,awful,"Mason","","",""
2026-03-21,March 21,Saturday,8:34 PM,meh,"","","","At the hospital, bad sad tum tum."
2026-03-21,March 21,Saturday,12:46 PM,good,"","","",""
2026-03-21,March 21,Saturday,10:14 AM,good,"","","",""
2026-03-20,March 20,Friday,9:22 PM,good,"","","",""
2026-03-20,March 20,Friday,9:53 AM,good,"","","",""
2026-03-19,March 19,Thursday,7:00 PM,good,"","","",""
2026-03-18,March 18,Wednesday,10:23 PM,meh,"","Energy: Exhausted 1/5","",""
2026-03-18,March 18,Wednesday,3:12 PM,good,"","","",""
2026-03-18,March 18,Wednesday,9:27 AM,good,"","","",""
2026-03-17,March 17,Tuesday,7:03 PM,good,"","","",""
2026-03-17,March 17,Tuesday,12:50 PM,rad,"Mason","","",""
2026-03-16,March 16,Monday,7:54 PM,good,"","","",""
2026-03-16,March 16,Monday,2:13 PM,meh,"Work","Energy: Low 2/5","",""
2026-03-15,March 15,Sunday,11:55 PM,meh,"","","",""
2026-03-15,March 15,Sunday,7:00 PM,good,"","","",""
2026-03-14,March 14,Saturday,9:25 AM,good,"friends | Mason","","",""
2026-03-13,March 13,Friday,7:20 PM,good,"Bryan","","",""
2026-03-13,March 13,Friday,12:56 PM,meh,"","","",""
2026-03-12,March 12,Thursday,3:33 PM,good,"","","",""
2026-03-12,March 12,Thursday,12:28 PM,good,"","","",""
2026-03-11,March 11,Wednesday,8:32 PM,good,"friends | Mason","","",""
2026-03-11,March 11,Wednesday,1:14 PM,good,"","","",""
2026-03-10,March 10,Tuesday,2:26 PM,meh,"","","",""
2026-03-10,March 10,Tuesday,9:00 AM,bad,"Mason","","",""
2026-03-09,March 9,Monday,10:34 PM,bad,"","","","I'm so tired of feeling like this. Why can't I stay doing okay for more than like a week?"
2026-03-09,March 9,Monday,6:00 PM,bad,"Mason","","",""
2026-03-09,March 9,Monday,12:13 PM,meh,"Work","","",""
2026-03-09,March 9,Monday,8:00 AM,good,"","","",""
2026-03-08,March 8,Sunday,11:04 PM,good,"friends | Mason | Chad","","",""
2026-03-08,March 8,Sunday,12:56 PM,good,"","","",""
2026-03-07,March 7,Saturday,7:07 PM,rad,"Mason","","",""
2026-03-07,March 7,Saturday,12:50 PM,good,"Mason","","",""
2026-03-07,March 7,Saturday,9:17 AM,good,"","","",""
2026-03-06,March 6,Friday,11:41 PM,meh,"","","",""
2026-03-06,March 6,Friday,2:32 PM,good,"","","",""
2026-03-06,March 6,Friday,9:08 AM,meh,"","","",""
2026-03-05,March 5,Thursday,7:02 PM,rad,"Mason","","",""
2026-03-05,March 5,Thursday,3:57 PM,rad,"Mason","","",""
2026-03-05,March 5,Thursday,9:37 AM,good,"","","",""
2026-03-04,March 4,Wednesday,7:09 PM,good,"Mason","","",""
2026-03-04,March 4,Wednesday,3:03 PM,meh,"","","",""
2026-03-04,March 4,Wednesday,9:33 AM,good,"","","",""
2026-03-03,March 3,Tuesday,7:01 PM,good,"","","",""
2026-03-03,March 3,Tuesday,12:38 PM,rad,"Mason","","",""
2026-03-02,March 2,Monday,7:09 PM,rad,"Mason","","","Happy anniversary Mason!"
2026-03-02,March 2,Monday,2:17 PM,rad,"Work","","",""
2026-03-02,March 2,Monday,9:09 AM,good,"","","",""
2026-03-01,March 1,Sunday,7:11 PM,good,"","","",""
2026-03-01,March 1,Sunday,9:50 AM,good,"","","",""
2026-02-28,February 28,Saturday,11:05 AM,rad,"","","",""
2026-02-27,February 27,Friday,7:00 PM,rad,"Mason","","",""
2026-02-27,February 27,Friday,12:53 PM,good,"","","",""
2026-02-26,February 26,Thursday,9:27 PM,awful,"friends | gaming","","","Feeling like complete shit and like I'm tired of everything. I want life to just stop for a little bit so I can catch my breath and for everything to be okay. <br><br>I feel like there's a sort of a rift between me and Mason right now. He noticed it too last weekend. I think part of it is my depression, but it seems like he's also pulling away and is being consumed by playing video games and talking with friends. We're not really doing anything together anymore. On weekends when I come over, we usually just go grocery shopping and he plays on his computer and I just go do stupid music stuff on my laptop. <br><br>The last time I brought this up to Mason, he got very upset with me. He deflected, justified, etc. But lately he has been a lot more understanding. It seems like he has been researching how to deal with my mood stuff and whatnot. Either that or he's holding something in. I hope not the latter.<br><br>I am just grumpy and sad and tired and I want to escape but don't want to harm myself in the process but I don't know of many other ways other than going down a money spending spree rabbit hole that will ultimately lead to more misery."
2026-02-26,February 26,Thursday,12:28 PM,good,"Mason","","",""
2026-02-26,February 26,Thursday,8:00 AM,meh,"","","",""
2026-02-25,February 25,Wednesday,9:10 PM,bad,"","","",""
2026-02-25,February 25,Wednesday,7:36 PM,good,"","","",""
2026-02-25,February 25,Wednesday,1:52 PM,good,"Mason","","",""
2026-02-24,February 24,Tuesday,8:34 PM,meh,"","","",""
2026-02-24,February 24,Tuesday,2:55 PM,meh,"","","",""
2026-02-23,February 23,Monday,3:46 PM,meh,"","","",""
2026-02-23,February 23,Monday,11:40 AM,good,"","Energy: Low 2/5","",""
2026-02-22,February 22,Sunday,10:00 PM,rad,"Mason","","",""
2026-02-22,February 22,Sunday,7:01 PM,bad,"Mason","","",""
2026-02-22,February 22,Sunday,12:40 PM,good,"","Energy: Exhausted 1/5","",""
2026-02-21,February 21,Saturday,8:23 PM,good,"","","",""
2026-02-21,February 21,Saturday,10:21 AM,rad,"Mason","Energy: OK 3/5","",""
2026-02-20,February 20,Friday,7:27 PM,rad,"Mason","","",""
2026-02-20,February 20,Friday,1:31 PM,good,"Work | sunny | Warm | Productive day","Energy: OK 3/5","",""
2026-02-20,February 20,Friday,9:12 AM,bad,"Work","Energy: Exhausted 1/5","",""
2026-02-19,February 19,Thursday,8:16 PM,good,"","","",""
2026-02-18,February 18,Wednesday,7:07 PM,meh,"","Energy: Low 2/5","","Feeling very poopy today. "
2026-02-18,February 18,Wednesday,12:10 PM,meh,"Work | clouds","Energy: Low 2/5","","Poopy weather, tired ... Took 15 mg extra Dexedrine just then"
2026-02-18,February 18,Wednesday,9:28 AM,good,"","","",""
2026-02-17,February 17,Tuesday,8:26 PM,good,"","","",""
2026-02-17,February 17,Tuesday,2:30 PM,good,"","Energy: High 4/5","","Took extra Dexedrine to help with sedation "
2026-02-17,February 17,Tuesday,9:51 AM,good,"","Energy: OK 3/5","",""
2026-02-16,February 16,Monday,7:11 PM,meh,"","Energy: Low 2/5","","Only took 15 mg Dexedrine today due to waking up late"
2026-02-16,February 16,Monday,1:53 PM,good,"","Energy: Low 2/5","",""
2026-02-15,February 15,Sunday,7:01 PM,rad,"Mason","Energy: High 4/5","",""
2026-02-15,February 15,Sunday,1:16 PM,good,"","Energy: Low 2/5","",""
2026-02-14,February 14,Saturday,7:59 PM,rad,"Mason","","",""
2026-02-13,February 13,Friday,7:29 PM,good,"","","",""
2026-02-13,February 13,Friday,4:35 PM,good,"","","",""
2026-02-12,February 12,Thursday,8:01 PM,good,"friends | Mason","","",""
2026-02-12,February 12,Thursday,2:01 PM,meh,"Work","","",""
2026-02-12,February 12,Thursday,12:52 PM,rad,"Mason","","",""
2026-02-11,February 11,Wednesday,7:01 PM,meh,"","","",""
2026-02-11,February 11,Wednesday,12:50 PM,rad,"Jeff","","",""
2026-02-10,February 10,Tuesday,8:16 PM,rad,"Mason","","",""
2026-02-10,February 10,Tuesday,12:50 PM,rad,"Mason","","","Ate lunch with Mason"
2026-02-10,February 10,Tuesday,9:03 AM,bad,"","","","Feeling very irritable"
2026-02-09,February 9,Monday,7:06 PM,good,"","","",""
2026-02-08,February 8,Sunday,12:43 PM,meh,"","","","Nervous, anxious, feeling like I don't belong, while at Shenanigan's for Mason's RCP board meeting "
2026-02-08,February 8,Sunday,8:00 AM,rad,"Mason","","",""
2026-02-07,February 7,Saturday,12:34 PM,rad,"friends | Mason","","",""
2026-02-07,February 7,Saturday,9:06 AM,rad,"Mason","","",""
2026-02-06,February 6,Friday,7:15 PM,rad,"Mason","","",""
2026-02-06,February 6,Friday,12:35 PM,good,"","","",""
2026-02-06,February 6,Friday,11:34 AM,good,"","Energy: High 4/5","",""
2026-02-05,February 5,Thursday,7:00 PM,good,"","","",""
2026-02-05,February 5,Thursday,11:21 AM,good,"","Energy: High 4/5","",""
2026-02-05,February 5,Thursday,8:00 AM,good,"","Energy: Low 2/5","","Resuming Dexedrine "
2026-02-04,February 4,Wednesday,7:09 PM,meh,"","Energy: Low 2/5","",""
2026-02-04,February 4,Wednesday,10:00 AM,good,"","Energy: OK 3/5","",""
2026-02-03,February 3,Tuesday,1:47 PM,good,"","Energy: High 4/5","",""
2026-02-03,February 3,Tuesday,9:40 AM,meh,"","Energy: OK 3/5","",""
2026-02-02,February 2,Monday,8:08 PM,meh,"","","",""
2026-02-02,February 2,Monday,1:02 PM,meh,"","","",""
2026-02-02,February 2,Monday,9:53 AM,good,"","Energy: OK 3/5","",""
2026-02-01,February 1,Sunday,4:32 PM,rad,"Mason","Energy: Low 2/5","",""
2026-01-31,January 31,Saturday,8:30 PM,rad,"Mason","Energy: OK 3/5","",""
2026-01-31,January 31,Saturday,2:08 PM,meh,"","","",""
2026-01-31,January 31,Saturday,9:43 AM,good,"","Energy: Exhausted 1/5","",""
2026-01-30,January 30,Friday,7:31 PM,rad,"friends | Chad | Bryan","","",""
2026-01-30,January 30,Friday,1:09 PM,good,"","Energy: OK 3/5","","Massage"
2026-01-29,January 29,Thursday,11:09 PM,good,"","","",""
2026-01-29,January 29,Thursday,1:50 PM,good,"Bryan","Energy: OK 3/5","",""
2026-01-28,January 28,Wednesday,7:11 PM,good,"","Energy: OK 3/5","",""
2026-01-28,January 28,Wednesday,12:30 PM,good,"","","",""
2026-01-27,January 27,Tuesday,8:21 PM,meh,"","","",""
2026-01-27,January 27,Tuesday,12:31 PM,good,"","Energy: OK 3/5","",""
2026-01-26,January 26,Monday,7:53 PM,meh,"","Energy: Exhausted 1/5","",""
2026-01-26,January 26,Monday,1:04 PM,good,"","Energy: Low 2/5","",""
2026-01-25,January 25,Sunday,7:02 PM,good,"","","",""
2026-01-25,January 25,Sunday,1:13 PM,meh,"","","",""
2026-01-24,January 24,Saturday,7:00 PM,rad,"Mason","","",""
2026-01-23,January 23,Friday,7:26 PM,meh,"","","",""
2026-01-23,January 23,Friday,1:39 PM,meh,"","Energy: Low 2/5","",""
2026-01-22,January 22,Thursday,7:30 PM,rad,"Mason | Cold","Energy: High 4/5","",""
2026-01-21,January 21,Wednesday,7:08 PM,good,"","","",""
2026-01-21,January 21,Wednesday,1:44 PM,good,"friends","Energy: Low 2/5","","Just had a meeting with Jeff."
2026-01-20,January 20,Tuesday,11:56 PM,good,"","","",""
2026-01-19,January 19,Monday,7:10 PM,good,"Mason","","",""
2026-01-19,January 19,Monday,1:46 PM,rad,"family","Energy: OK 3/5","",""
2026-01-19,January 19,Monday,9:02 AM,good,"","Energy: Exhausted 1/5","",""
2026-01-18,January 18,Sunday,7:04 PM,good,"","","",""
2026-01-18,January 18,Sunday,12:47 PM,good,"","","",""
2026-01-17,January 17,Saturday,9:49 PM,rad,"friends | Mason","Energy: OK 3/5","",""
2026-01-17,January 17,Saturday,5:21 PM,rad,"friends | Mason","","",""
2026-01-16,January 16,Friday,7:00 PM,good,"","","",""
2026-01-16,January 16,Friday,1:50 PM,meh,"","Energy: Exhausted 1/5","",""
2026-01-15,January 15,Thursday,7:27 PM,good,"","Energy: OK 3/5","",""
2026-01-15,January 15,Thursday,3:44 PM,good,"","Energy: Low 2/5","",""
2026-01-15,January 15,Thursday,11:21 AM,meh,"","Energy: Exhausted 1/5","",""
2026-01-14,January 14,Wednesday,7:49 PM,good,"friends","Energy: OK 3/5","",""
2026-01-14,January 14,Wednesday,12:33 PM,good,"","Energy: OK 3/5","",""
2026-01-13,January 13,Tuesday,7:06 PM,good,"","","",""
2026-01-13,January 13,Tuesday,12:32 PM,meh,"Work","Energy: Low 2/5","",""
2026-01-13,January 13,Tuesday,9:00 AM,good,"","Energy: Exhausted 1/5","",""
2026-01-12,January 12,Monday,7:03 PM,good,"","Energy: Low 2/5","",""
2026-01-12,January 12,Monday,12:34 PM,good,"","Energy: Low 2/5","",""
2026-01-11,January 11,Sunday,6:43 PM,good,"","Energy: Low 2/5","",""
2026-01-11,January 11,Sunday,9:45 AM,rad,"Mason","Energy: OK 3/5","",""
2026-01-10,January 10,Saturday,7:31 PM,rad,"","","",""
2026-01-10,January 10,Saturday,5:41 PM,good,"family | Mason","Energy: High 4/5","",""
2026-01-09,January 9,Friday,1:29 PM,bad,"","Energy: OK 3/5","",""
2026-01-09,January 9,Friday,9:29 AM,good,"","Energy: Exhausted 1/5","",""
2026-01-08,January 8,Thursday,7:00 PM,good,"","Energy: Exhausted 1/5","",""
2026-01-08,January 8,Thursday,2:37 PM,good,"","Energy: Exhausted 1/5","",""
2026-01-07,January 7,Wednesday,7:45 PM,good,"","Energy: Exhausted 1/5","",""
2026-01-06,January 6,Tuesday,7:00 PM,good,"","Energy: High 4/5","",""
2026-01-06,January 6,Tuesday,4:34 PM,bad,"","Energy: Exhausted 1/5","","Feeling very very very numb after getting off work. Supplements helped me immensely get through work though."
2026-01-06,January 6,Tuesday,10:17 AM,meh,"","","",""
2026-01-05,January 5,Monday,8:22 PM,meh,"","","",""
2026-01-05,January 5,Monday,4:00 PM,awful,"","","",""
2026-01-05,January 5,Monday,2:23 PM,meh,"","","",""
2026-01-04,January 4,Sunday,7:28 PM,bad,"","","",""
2026-01-04,January 4,Sunday,6:34 PM,good,"","","",""
2026-01-04,January 4,Sunday,9:00 AM,good,"","","",""
2026-01-03,January 3,Saturday,9:00 AM,awful,"","","",""
2026-01-02,January 2,Friday,7:01 PM,rad,"friends | Bryan","","",""
2026-01-01,January 1,Thursday,10:58 PM,good,"","","",""
2026-01-01,January 1,Thursday,5:58 PM,rad,"family | friends | Mason","","",""
2026-01-01,January 1,Thursday,11:51 AM,rad,"family | Mason","","",""
2025-12-31,December 31,Wednesday,7:15 PM,good,"","","",""
2025-12-31,December 31,Wednesday,12:33 PM,good,"","","",""
2025-12-31,December 31,Wednesday,9:54 AM,good,"","","",""
2025-12-30,December 30,Tuesday,7:00 PM,good,"","","",""
2025-12-29,December 29,Monday,7:34 PM,meh,"","","",""
2025-12-29,December 29,Monday,3:34 PM,good,"","","",""
2025-12-29,December 29,Monday,9:03 AM,good,"","","",""
2025-12-28,December 28,Sunday,9:06 AM,rad,"Mason","","",""
2025-12-27,December 27,Saturday,8:59 PM,rad,"Mason","","",""
2025-12-27,December 27,Saturday,2:59 PM,bad,"","","",""
2025-12-26,December 26,Friday,3:56 PM,meh,"","","",""
2025-12-25,December 25,Thursday,8:25 PM,good,"","","",""
2025-12-24,December 24,Wednesday,9:49 PM,rad,"Mason","","",""
2025-12-24,December 24,Wednesday,4:27 PM,rad,"family | Mason","","",""
2025-12-23,December 23,Tuesday,11:02 AM,meh,"","","",""
2025-12-22,December 22,Monday,7:00 PM,meh,"","","",""
2025-12-22,December 22,Monday,6:00 PM,good,"friends","","",""
2025-12-22,December 22,Monday,4:38 PM,bad,"","","",""
2025-12-22,December 22,Monday,12:38 PM,meh,"","","",""
2025-12-22,December 22,Monday,8:38 AM,meh,"","","",""
2025-12-21,December 21,Sunday,7:02 PM,meh,"","","",""
2025-12-21,December 21,Sunday,1:29 PM,good,"","","",""
2025-12-20,December 20,Saturday,7:00 PM,meh,"","","",""
2025-12-19,December 19,Friday,7:00 PM,meh,"","","",""
2025-12-18,December 18,Thursday,7:03 PM,meh,"","","",""
2025-12-18,December 18,Thursday,3:56 PM,good,"","","",""
2025-12-18,December 18,Thursday,11:27 AM,meh,"","","",""
2025-12-17,December 17,Wednesday,7:00 PM,good,"","","",""
2025-12-17,December 17,Wednesday,4:37 PM,meh,"","","",""
2025-12-16,December 16,Tuesday,1:22 PM,good,"","","",""
2025-12-15,December 15,Monday,10:30 PM,meh,"","","",""
2025-12-15,December 15,Monday,1:00 PM,meh,"","","",""
2025-12-14,December 14,Sunday,8:23 PM,meh,"","","",""
2025-12-14,December 14,Sunday,1:21 PM,good,"","","",""
2025-12-13,December 13,Saturday,7:00 PM,meh,"","","",""
2025-12-12,December 12,Friday,7:28 PM,good,"","","",""
2025-12-12,December 12,Friday,1:48 PM,bad,"","","",""
2025-12-11,December 11,Thursday,9:28 PM,good,"","","",""
2025-12-11,December 11,Thursday,12:28 PM,awful,"","","",""
2025-12-11,December 11,Thursday,9:28 AM,awful,"","","",""
2025-12-10,December 10,Wednesday,1:22 PM,good,"","","",""
2025-12-10,December 10,Wednesday,8:00 AM,bad,"","","",""
2025-12-09,December 9,Tuesday,10:30 PM,awful,"","","",""
2025-12-09,December 9,Tuesday,7:14 PM,good,"","","",""
2025-12-09,December 9,Tuesday,1:52 PM,good,"","","",""
2025-12-09,December 9,Tuesday,9:05 AM,good,"","","",""
2025-12-08,December 8,Monday,7:00 PM,meh,"","","",""
2025-12-08,December 8,Monday,3:28 PM,meh,"","","",""
2025-12-08,December 8,Monday,12:00 PM,awful,"","","",""
2025-12-08,December 8,Monday,8:00 AM,good,"","","",""
2025-12-07,December 7,Sunday,11:45 PM,meh,"","","",""
2025-12-07,December 7,Sunday,5:11 PM,meh,"","","",""
2025-12-07,December 7,Sunday,10:51 AM,good,"","","",""
2025-12-06,December 6,Saturday,8:13 PM,rad,"Mason","","",""
2025-12-06,December 6,Saturday,9:10 AM,rad,"Mason","","",""
2025-12-05,December 5,Friday,11:17 PM,rad,"Mason","","",""
2025-12-05,December 5,Friday,12:32 PM,rad,"Mason","","",""
2025-12-05,December 5,Friday,8:00 AM,good,"","","",""
2025-12-04,December 4,Thursday,9:37 PM,good,"friends | Mason","","",""
2025-12-04,December 4,Thursday,1:16 PM,bad,"","","",""
2025-12-04,December 4,Thursday,11:37 AM,meh,"","","",""
2025-12-04,December 4,Thursday,11:37 AM,bad,"","","",""
2025-12-03,December 3,Wednesday,7:16 PM,bad,"","","",""
2025-12-03,December 3,Wednesday,12:16 PM,good,"","","",""
2025-12-03,December 3,Wednesday,8:00 AM,meh,"","","",""
2025-12-02,December 2,Tuesday,8:41 PM,good,"","","",""
2025-12-02,December 2,Tuesday,1:11 PM,good,"","","",""
2025-12-02,December 2,Tuesday,9:55 AM,meh,"","","",""
2025-12-01,December 1,Monday,3:54 PM,meh,"","","",""
2025-12-01,December 1,Monday,9:00 AM,meh,"","","",""
2025-11-30,November 30,Sunday,3:06 PM,bad,"","","",""
2025-11-30,November 30,Sunday,12:30 PM,meh,"","","",""
2025-11-30,November 30,Sunday,9:38 AM,good,"","","",""
2025-11-29,November 29,Saturday,9:24 PM,good,"","","",""
2025-11-29,November 29,Saturday,9:22 AM,meh,"","","",""
2025-11-28,November 28,Friday,7:16 PM,meh,"","","",""
2025-11-28,November 28,Friday,12:32 PM,good,"","","",""
2025-11-27,November 27,Thursday,7:31 PM,good,"","","",""
2025-11-27,November 27,Thursday,4:59 PM,meh,"","","","I've had a good day, I don't know why I feel so bad... Maybe I need to start dividing my duloxetine dose into two doses, because it seems like my mood goes south in the late afternoon/early evening."
2025-11-27,November 27,Thursday,12:58 PM,good,"","","",""
2025-11-26,November 26,Wednesday,1:57 PM,good,"","","",""
2025-11-25,November 25,Tuesday,7:36 PM,good,"","","",""
2025-11-25,November 25,Tuesday,1:21 PM,meh,"","","",""
2025-11-24,November 24,Monday,1:21 PM,good,"","","",""
2025-11-23,November 23,Sunday,8:54 PM,good,"","","",""
2025-11-23,November 23,Sunday,11:47 AM,rad,"","","",""
2025-11-22,November 22,Saturday,7:23 PM,rad,"Mason","","",""
2025-11-22,November 22,Saturday,9:06 AM,good,"","","",""
2025-11-21,November 21,Friday,8:28 PM,rad,"","","","Feeling pretty damn good today. I did start duloxetine 30 mg yesterday, and took 30 mg extra Dexedrine today (and 1 mg guanfacine for jitteriness). I was super sweaty today and felt flushed."
2025-11-21,November 21,Friday,1:11 PM,good,"","","",""
2025-11-21,November 21,Friday,9:00 AM,good,"","","",""
2025-11-20,November 20,Thursday,1:59 PM,bad,"Work","","","Nothing to do at work so I was sent home. Everyone else got the work that was left to do. I am scheduled to come in tomorrow morning at 9 AM to get the rest of my 4.25 hrs. I kind of have this but also myself for letting it get to this point. No point in doing that though, it won't change anything. It'll just make it harder. I need to do better about forgiving myself and showing myself compassion. It will come in time. This too shall pass."
2025-11-19,November 19,Wednesday,8:00 PM,good,"","","",""
2025-11-18,November 18,Tuesday,11:00 PM,good,"","","",""
2025-11-18,November 18,Tuesday,4:32 PM,good,"","","",""
2025-11-18,November 18,Tuesday,12:23 PM,meh,"","","",""
2025-11-17,November 17,Monday,11:08 PM,good,"","","",""
2025-11-17,November 17,Monday,7:49 PM,good,"","","",""
2025-11-17,November 17,Monday,2:24 AM,meh,"","","",""
2025-11-16,November 16,Sunday,7:00 PM,good,"","","",""
2025-11-15,November 15,Saturday,6:57 PM,good,"","","",""
2025-11-15,November 15,Saturday,9:11 AM,rad,"Mason","","",""
2025-11-14,November 14,Friday,8:59 PM,rad,"Mason","","",""
2025-11-14,November 14,Friday,9:14 AM,meh,"","","",""
2025-11-13,November 13,Thursday,2:29 PM,meh,"","","",""
2025-11-12,November 12,Wednesday,7:31 PM,bad,"","","",""
2025-11-12,November 12,Wednesday,12:39 PM,good,"","","",""
2025-11-11,November 11,Tuesday,8:07 PM,bad,"","","","Then suddenly..."
2025-11-11,November 11,Tuesday,7:59 PM,good,"","","",""
2025-11-11,November 11,Tuesday,1:55 PM,bad,"","","",""
2025-11-10,November 10,Monday,4:43 PM,good,"Mason","","",""
2025-11-10,November 10,Monday,12:24 PM,meh,"","","",""
2025-11-10,November 10,Monday,8:38 AM,meh,"","","","I stopped Briviact last night. Didn't take it this morning either. I don't care. I called Dr. McGuinness's office. I want off that shit. It's making me crazy."
2025-11-09,November 9,Sunday,7:02 PM,good,"friends","","",""
2025-11-09,November 9,Sunday,2:03 PM,good,"","","",""
2025-11-09,November 9,Sunday,11:37 AM,meh,"","","",""
2025-11-08,November 8,Saturday,10:16 AM,bad,"","","",""
2025-11-07,November 7,Friday,9:14 PM,rad,"Mason","","",""
2025-11-07,November 7,Friday,3:11 PM,bad,"","","","Feeling profoundly dysphoric and anhedonic for some reason. My head is heavy, I want to sleep. I just want it to stop. Maybe I need a ketamine infusion..."
2025-11-07,November 7,Friday,1:26 PM,good,"","","",""
2025-11-07,November 7,Friday,9:00 AM,meh,"","","",""
2025-11-06,November 6,Thursday,7:00 PM,meh,"","","",""
2025-11-06,November 6,Thursday,1:04 PM,meh,"","","",""
2025-11-05,November 5,Wednesday,7:35 PM,meh,"","","",""
2025-11-05,November 5,Wednesday,5:16 PM,awful,"Mason","","","Had a good talk with Jeff. Had an intense yet productive talk with Mason. But immediately after we kind of settled, he just abruptly said ""ok I'm going to go eat food goodbye."" He is more than justified in doing that. I want to give him all the space he needs. But I need stuff too, but he has been doing nothing but giving lately, and I've been needy, and I don't know what to do. So I did something I haven't done or have been making a conscious effort not to do which is to sedate myself to get through uncomfortable feelings and emotions... I took a risperidone in an effort to numb myself and ""not be a burden on others."" That's not at all healthy or fair for others or myself. I just don't know what else to do about it, it's about damage prevention, causing smaller damage now I guess to prevent the large damage downstream. But in doing that long term, it causes more damage. So I don't know. I'm spiraling, unstable, hating myself, and just want to give everyone a break from me. I feel like I need to just check myself in..."
2025-11-05,November 5,Wednesday,12:31 PM,bad,"Mason","","","Why do I have to constantly prove the legitimacy of my concerns to Mason and then have to answer quiz questions when I express things like that, and then be told I'm not handling myself right when I tell him my brain is numb?"
2025-11-05,November 5,Wednesday,9:09 AM,good,"","","","I feel like physical therapy for my jaw is already helping! Briviact may have some contributions too. I hope I can stay on Briviact, I think it work well "
2025-11-04,November 4,Tuesday,7:37 PM,rad,"Mason","","",""
2025-11-04,November 4,Tuesday,9:51 AM,good,"","","","Feeling good this morning. Took a risperidone last night. Slept very well. I called and left a message with my neurologist about Briviact."
2025-11-03,November 3,Monday,11:00 PM,bad,"","","","Having a very hard time tonight. Mason talked with me and helped me get through it. I think Briviact is causing problems."
2025-11-03,November 3,Monday,7:01 PM,good,"Mason","","","Glad that Mason talked me into going to TW rehearsal"
2025-11-03,November 3,Monday,5:00 PM,awful,"","","","Having a complete break down"
2025-11-02,November 2,Sunday,7:24 PM,meh,"","","",""
2025-11-02,November 2,Sunday,12:16 PM,bad,"","","","Feeling the same feeling I used to feel when I would man major catastrophic meltdowns while I was seeing Chris. It's the feeling I would have the very next day. This sort of dysphoria, fear, scared out of my mind but don't know what about kind of feeling. My anxiety has had a major uptick lately. I'm really hoping it's not the Briviact... "
2025-11-02,November 2,Sunday,9:46 AM,good,"","","",""
2025-11-01,November 1,Saturday,7:49 PM,good,"","","",""
2025-11-01,November 1,Saturday,10:48 AM,rad,"Mason","","",""
2025-11-01,November 1,Saturday,7:00 AM,rad,"Mason","","",""
2025-10-31,October 31,Friday,7:07 PM,rad,"Mason","","",""
2025-10-31,October 31,Friday,1:35 PM,good,"","","",""
2025-10-30,October 30,Thursday,11:45 PM,good,"","","",""
2025-10-30,October 30,Thursday,12:31 PM,good,"","","",""
2025-10-30,October 30,Thursday,9:12 AM,good,"","","",""
2025-10-29,October 29,Wednesday,9:25 PM,meh,"","","",""
2025-10-29,October 29,Wednesday,4:37 PM,good,"","","",""
2025-10-28,October 28,Tuesday,7:00 PM,good,"","","",""
2025-10-28,October 28,Tuesday,12:01 PM,good,"","","",""
2025-10-27,October 27,Monday,7:00 PM,good,"Mason","","","I think we're going to be okay"
2025-10-27,October 27,Monday,1:40 PM,awful,"Mason","","",""
2025-10-27,October 27,Monday,9:11 AM,awful,"","","",""
2025-10-26,October 26,Sunday,11:11 PM,awful,"Mason","","",""
2025-10-26,October 26,Sunday,8:04 PM,bad,"","","",""
2025-10-26,October 26,Sunday,1:05 PM,good,"","","",""
2025-10-25,October 25,Saturday,7:59 PM,rad,"friends | Mason","","",""
2025-10-25,October 25,Saturday,1:00 PM,rad,"Mason","","",""
2025-10-24,October 24,Friday,7:32 PM,rad,"","","",""
2025-10-24,October 24,Friday,1:01 PM,good,"","","",""
2025-10-23,October 23,Thursday,8:47 PM,meh,"","","",""
2025-10-23,October 23,Thursday,12:51 PM,meh,"","","",""
2025-10-23,October 23,Thursday,10:13 AM,meh,"","","",""
2025-10-22,October 22,Wednesday,3:05 PM,good,"","","","I feel a bit down but not dysphoric. I believe I've been either on the verge of or in a hypomanic episode for several months now. I think stopping Emsam tipped the balance a little, then the recent slew of medicine changes made everything kind of topple over into a mixed episode, and now I'm slightly depressed. It's nowhere near as bad as it could be, and honestly it feels rather relieving to not feel driven by a motor constantly. I feel more ""me"". I'm happy in a way. It's nice to connect with myself again, and show down and be present though to connect with others around me including Mason."
2025-10-21,October 21,Tuesday,2:34 PM,good,"","","",""
2025-10-21,October 21,Tuesday,9:08 AM,meh,"","","",""
2025-10-20,October 20,Monday,8:36 PM,bad,"","","",""
2025-10-20,October 20,Monday,12:39 PM,bad,"","","",""
2025-10-19,October 19,Sunday,7:45 PM,good,"","","",""
2025-10-19,October 19,Sunday,1:45 PM,rad,"","","",""
2025-10-19,October 19,Sunday,9:33 AM,good,"","","",""
2025-10-18,October 18,Saturday,10:47 AM,meh,"","","","I'm happy despite being at Mason's. I just don't feel well physically and kind of emotionally.. Mason and I got into a heated statement last night and we're over it but I still feel the residual emotional toll it took on me. I'm not completely here, and now that I'm visiting Mason, I can't really get myself in the zone when we're being intimate. It'll pass. But I hope it didn't become a problematic pattern. I'm really trying to do better, but it doesn't seem like he sees that at all. Or making I'm making progress but he's not acknowledging it and then I slip up he flips out due to negative bias. I'm scared to talk to him about it because he'll probably flip out again."
2025-10-17,October 17,Friday,2:22 PM,good,"","","",""
2025-10-17,October 17,Friday,9:24 AM,good,"","","",""
2025-10-16,October 16,Thursday,8:53 PM,good,"","","",""
2025-10-16,October 16,Thursday,1:00 PM,good,"","","",""
2025-10-15,October 15,Wednesday,8:05 PM,good,"","","",""
2025-10-15,October 15,Wednesday,1:21 PM,rad,"Mason","","",""
2025-10-15,October 15,Wednesday,11:00 AM,rad,"Mason | Mason's","","",""
2025-10-14,October 14,Tuesday,7:22 PM,good,"","","",""
2025-10-14,October 14,Tuesday,1:22 AM,meh,"","","",""
2025-10-13,October 13,Monday,7:00 PM,good,"","","",""
2025-10-13,October 13,Monday,1:13 PM,good,"","","",""
2025-10-12,October 12,Sunday,7:42 PM,meh,"","","",""
2025-10-12,October 12,Sunday,4:11 PM,good,"","","",""
2025-10-11,October 11,Saturday,9:19 PM,rad,"Mason","","",""
2025-10-11,October 11,Saturday,9:25 AM,rad,"Mason","","",""
2025-10-10,October 10,Friday,7:22 PM,rad,"Mason","","",""
2025-10-10,October 10,Friday,2:00 PM,good,"","","",""
2025-10-10,October 10,Friday,8:00 AM,good,"","","",""
2025-10-09,October 9,Thursday,8:21 PM,good,"","","",""
2025-10-09,October 9,Thursday,1:58 PM,good,"","","",""
2025-10-09,October 9,Thursday,10:28 AM,meh,"","","",""
2025-10-08,October 8,Wednesday,9:00 AM,good,"","","",""
2025-10-07,October 7,Tuesday,4:47 PM,good,"Mason","","",""
2025-10-07,October 7,Tuesday,8:00 AM,bad,"","","",""
2025-10-06,October 6,Monday,9:18 PM,meh,"","","",""
2025-10-06,October 6,Monday,12:46 PM,meh,"","","",""
2025-10-05,October 5,Sunday,7:04 PM,meh,"","","",""
2025-10-05,October 5,Sunday,12:52 PM,rad,"Mason","","",""
2025-10-04,October 4,Saturday,7:16 PM,rad,"Mason","","",""
2025-10-04,October 4,Saturday,6:32 PM,rad,"Mason","","",""
2025-10-04,October 4,Saturday,10:53 AM,rad,"Mason","","",""
2025-10-03,October 3,Friday,7:02 PM,rad,"Mason","","",""
2025-10-02,October 2,Thursday,9:00 PM,rad,"friends","","","Met Patrick for the first time for pizza."
2025-10-02,October 2,Thursday,12:34 PM,meh,"","","","Feeling a bit weird... I want to do things but can't bring myself to. I feel a little ""ehh"" and possibly like I want to cry. I'm occasionally Tina-groaning. I skipped Dexedrine yesterday due to waking up late and felt fine, Sunosi seemed to get me by, though I was very sleepy. The day before that I took 45 mg instead of 60 mg. Today though I took the full 60 mg. Maybe I am feeling this way because of too much dopamine. It reminds me of how I felt summer 2023 when I was on Zenzedi 50 mg which I think was way too strong for me. So I'm debating about taking a tiny dose of Stelazine. I also wonder if it's the triprolidine I took last night. That stuff really really helps me sleep, but I think I get a little blasé with antihistamines."
2025-10-02,October 2,Thursday,9:25 AM,good,"","","",""
2025-10-01,October 1,Wednesday,7:10 PM,good,"","","",""
2025-10-01,October 1,Wednesday,1:07 PM,good,"","","",""
2025-10-01,October 1,Wednesday,11:38 AM,good,"","","",""
2025-09-30,September 30,Tuesday,1:30 PM,rad,"","","",""
2025-09-30,September 30,Tuesday,11:08 AM,good,"","","",""
2025-09-29,September 29,Monday,7:07 PM,good,"","","",""
2025-09-29,September 29,Monday,12:32 PM,good,"","","",""
2025-09-29,September 29,Monday,10:47 AM,good,"","","",""
2025-09-28,September 28,Sunday,7:41 PM,rad,"Mason","","",""
2025-09-28,September 28,Sunday,12:42 PM,rad,"Mason","","",""
2025-09-28,September 28,Sunday,8:00 AM,rad,"Mason","","",""
2025-09-27,September 27,Saturday,1:22 PM,rad,"Mason","","",""
2025-09-27,September 27,Saturday,9:15 AM,good,"","","",""
2025-09-26,September 26,Friday,7:00 PM,good,"Mason","","",""
2025-09-26,September 26,Friday,2:34 PM,good,"","","",""
2025-09-26,September 26,Friday,9:00 AM,good,"","","",""
2025-09-25,September 25,Thursday,7:12 PM,rad,"Mason","","",""
2025-09-25,September 25,Thursday,12:33 PM,meh,"","","",""
2025-09-25,September 25,Thursday,11:24 AM,bad,"","","",""
2025-09-24,September 24,Wednesday,7:03 PM,meh,"","","",""
2025-09-24,September 24,Wednesday,3:32 PM,meh,"","","",""
2025-09-24,September 24,Wednesday,11:45 AM,meh,"","","","I'm feeling a tad bit numb this morning..<br> Day 2 Trintellix 10 mg. I hope it's not that. I had zero libido yesterday, 100% killed off and never even thought about it. Ugh I hope this isn't going to be another one of those meds..."
2025-09-23,September 23,Tuesday,7:01 PM,good,"","","",""
2025-09-23,September 23,Tuesday,1:45 PM,meh,"","","",""
2025-09-23,September 23,Tuesday,9:09 AM,meh,"Work","","","Got my hours cut at work because of attendance basically "
2025-09-22,September 22,Monday,7:00 PM,meh,"","","",""
2025-09-22,September 22,Monday,12:49 PM,meh,"","","",""
2025-09-22,September 22,Monday,8:00 AM,meh,"","","",""
2025-09-21,September 21,Sunday,8:26 PM,meh,"","","",""
2025-09-21,September 21,Sunday,3:12 PM,rad,"family","","",""
2025-09-21,September 21,Sunday,9:30 AM,good,"","","",""
2025-09-20,September 20,Saturday,7:12 PM,rad,"Mason","","",""
2025-09-20,September 20,Saturday,12:43 PM,meh,"","","",""
2025-09-20,September 20,Saturday,9:06 AM,good,"","","",""
2025-09-19,September 19,Friday,10:15 PM,good,"","","",""
2025-09-19,September 19,Friday,12:40 PM,good,"","","",""
2025-09-19,September 19,Friday,8:00 AM,good,"","","",""
2025-09-18,September 18,Thursday,7:00 PM,rad,"Mason","","",""
2025-09-18,September 18,Thursday,12:44 PM,good,"","","",""
2025-09-18,September 18,Thursday,7:44 AM,good,"","","",""
2025-09-17,September 17,Wednesday,7:00 PM,rad,"Mason","","",""
2025-09-17,September 17,Wednesday,12:31 PM,good,"","","",""
2025-09-17,September 17,Wednesday,9:14 AM,meh,"","","",""
2025-09-16,September 16,Tuesday,7:33 PM,good,"","","",""
2025-09-16,September 16,Tuesday,1:05 PM,good,"","","",""
2025-09-16,September 16,Tuesday,9:01 AM,good,"","","",""
2025-09-15,September 15,Monday,11:42 PM,good,"","","",""
2025-09-15,September 15,Monday,12:55 PM,good,"","","",""
2025-09-15,September 15,Monday,11:01 AM,good,"","","",""
2025-09-14,September 14,Sunday,10:13 PM,good,"","","",""
2025-09-14,September 14,Sunday,1:38 PM,good,"","","",""
2025-09-13,September 13,Saturday,7:08 PM,meh,"","","",""
2025-09-13,September 13,Saturday,2:51 PM,bad,"","","","Sick, feeling lousy. Was going to do birthday things but sick. Mason send grouchy, but he did slice a huge chunk out of his finger. I hope he'll be okay..."
2025-09-13,September 13,Saturday,8:00 AM,meh,"Mason","","",""
2025-09-12,September 12,Friday,7:00 PM,good,"","","",""
2025-09-12,September 12,Friday,12:47 PM,meh,"","","","Didn't go to work, not feeling well, feeling pretty sick, sore throat, cough..."
2025-09-12,September 12,Friday,9:57 AM,good,"","","",""
2025-09-11,September 11,Thursday,7:03 PM,rad,"Mason","","","Mason has made my birthday truly memorable "
2025-09-11,September 11,Thursday,12:34 PM,good,"","","",""
2025-09-11,September 11,Thursday,9:10 AM,good,"","","",""
2025-09-10,September 10,Wednesday,7:02 PM,good,"","","",""
2025-09-10,September 10,Wednesday,12:51 PM,good,"","","",""
2025-09-10,September 10,Wednesday,9:23 AM,good,"","","",""
2025-09-09,September 9,Tuesday,7:01 PM,bad,"","","",""
2025-09-09,September 9,Tuesday,12:38 PM,good,"","","",""
2025-09-09,September 9,Tuesday,9:22 AM,meh,"","","","It really seems like Mason has just been distant lately and I don't know what to do. Is it just me, or is he in a funk? How do I ask him without pissing him off?"
2025-09-08,September 8,Monday,11:19 PM,bad,"","","",""
2025-09-08,September 8,Monday,7:37 PM,good,"","","",""
2025-09-08,September 8,Monday,12:32 PM,good,"","","",""
2025-09-07,September 7,Sunday,7:05 PM,rad,"friends","","",""
2025-09-07,September 7,Sunday,12:38 PM,good,"","","",""
2025-09-07,September 7,Sunday,9:30 AM,good,"","","",""
2025-09-06,September 6,Saturday,7:50 PM,rad,"friends | Mason","","",""
2025-09-06,September 6,Saturday,4:10 PM,rad,"friends | Mason","","",""
2025-09-06,September 6,Saturday,9:49 AM,rad,"Mason","","",""
2025-09-05,September 5,Friday,7:11 PM,rad,"Mason","","",""
2025-09-05,September 5,Friday,9:18 AM,good,"","","",""
2025-09-04,September 4,Thursday,8:24 PM,rad,"Mason","","",""
2025-09-04,September 4,Thursday,1:20 PM,awful,"Mason","","","Ruminating... Feeling very guilty... I don't deserve Mason. I'm not good enough for him in any way."
2025-09-03,September 3,Wednesday,9:22 PM,awful,"Mason","","","I'm so fucking tired of this dynamic when I'm down and at my most vulnerable."
2025-09-03,September 3,Wednesday,7:05 PM,good,"","","",""
2025-09-03,September 3,Wednesday,2:34 PM,good,"","","",""
2025-09-03,September 3,Wednesday,9:04 AM,good,"","","",""
2025-09-02,September 2,Tuesday,8:27 PM,good,"","","",""
2025-09-02,September 2,Tuesday,2:19 PM,good,"","","",""
2025-09-02,September 2,Tuesday,9:39 AM,good,"","","",""
2025-09-01,September 1,Monday,10:21 PM,bad,"","","","Not able to sleep, mood declining rapidly over the course of the evening..."
2025-09-01,September 1,Monday,7:47 PM,good,"","","",""
2025-09-01,September 1,Monday,1:04 PM,meh,"","","",""
2025-09-01,September 1,Monday,9:03 AM,good,"","","",""
2025-08-31,August 31,Sunday,10:14 PM,good,"","","",""
2025-08-31,August 31,Sunday,1:24 PM,rad,"Mason","","",""
2025-08-31,August 31,Sunday,11:36 AM,rad,"Mason","","",""
2025-08-30,August 30,Saturday,7:27 PM,rad,"family | friends | Mason","","",""
2025-08-30,August 30,Saturday,1:05 PM,rad,"","","",""
2025-08-29,August 29,Friday,7:18 PM,rad,"","","",""
2025-08-29,August 29,Friday,2:17 PM,rad,"Bryan","","",""
2025-08-29,August 29,Friday,9:16 AM,good,"","","",""
2025-08-28,August 28,Thursday,7:03 PM,meh,"","","",""
2025-08-27,August 27,Wednesday,7:29 PM,good,"","","",""
2025-08-27,August 27,Wednesday,12:39 PM,good,"","","",""
2025-08-27,August 27,Wednesday,11:20 AM,meh,"","","",""
2025-08-26,August 26,Tuesday,8:14 PM,good,"","","",""
2025-08-26,August 26,Tuesday,12:39 PM,meh,"","","",""
2025-08-26,August 26,Tuesday,9:46 AM,meh,"","","",""
2025-08-25,August 25,Monday,7:28 PM,good,"","","",""
2025-08-25,August 25,Monday,12:30 PM,good,"","","",""
2025-08-25,August 25,Monday,9:51 AM,meh,"","","",""
2025-08-24,August 24,Sunday,12:45 PM,meh,"","","",""
2025-08-24,August 24,Sunday,8:00 AM,rad,"Mason","","",""
2025-08-23,August 23,Saturday,11:10 PM,rad,"Mason","","",""
2025-08-23,August 23,Saturday,1:33 PM,bad,"","","",""
2025-08-22,August 22,Friday,7:00 PM,meh,"","","",""
2025-08-22,August 22,Friday,12:55 PM,meh,"","","",""
2025-08-22,August 22,Friday,9:01 AM,good,"","","",""
2025-08-21,August 21,Thursday,7:22 PM,good,"","","",""
2025-08-21,August 21,Thursday,2:00 PM,good,"","","",""
2025-08-21,August 21,Thursday,10:49 AM,good,"","","",""
2025-08-20,August 20,Wednesday,8:36 PM,rad,"Mason","","","Mason came over and made supper for Mom and me. He is so incredibly thoughtful and sweet! 😍"
2025-08-20,August 20,Wednesday,12:37 PM,good,"","","","Feeling significantly better today. I didn't take naltrexone this morning, and took a Tylenol #3 last night to sort of ""jumpstart"" my opioid system, and I think it worked. At least for now lol. I may have a crash a day or two from now, who knows?"
2025-08-20,August 20,Wednesday,10:02 AM,good,"","","",""
2025-08-19,August 19,Tuesday,7:20 PM,bad,"","","","I feel so incredibly sick and tired... It's only been a week since Mom has had her surgery. I'm worn out. I think naltrexone is playing a part in this though."
2025-08-19,August 19,Tuesday,1:05 PM,good,"","","",""
2025-08-19,August 19,Tuesday,9:22 AM,meh,"","","",""
2025-08-18,August 18,Monday,7:38 PM,bad,"","","",""
2025-08-18,August 18,Monday,1:19 PM,meh,"family | bad sleep | home","","","Feeling oh so very tired... God I want nothing more than to take a nap and wake up refreshed and not sleepy all day or overstimulated at night..."
2025-08-18,August 18,Monday,9:17 AM,meh,"","","",""
2025-08-17,August 17,Sunday,7:09 PM,rad,"Mason","","","I really enjoyed Mason taking me out today. It was magical, almost like the first date kind of feeling."
2025-08-17,August 17,Sunday,12:42 PM,rad,"Mason","","","Mason taking me out on a date! It's so lovely!"
2025-08-17,August 17,Sunday,9:37 AM,bad,"Mason","","","This isn't good... I'm feeling so lousy because I can't get ahold of Mason... His phone must be dead. There's literally nothing I can do to try to reach him. There's a chance he may forget, there's a chance he may wake up so late he didn't get to come over before his thing tonight. I know it's probably going to be fine and he'll probably cover over, but I'm I guess setting myself up to be let down because of Bryan, but that's extremely bad because that was an FP kind of thing going there. Not good, not good, not good... Oh boy..."
2025-08-16,August 16,Saturday,9:06 PM,good,"Mason","","","Mason is coming over tomorrow for a bit and taking me out to lunch and a walk in the park to get my out of the house."
2025-08-16,August 16,Saturday,2:28 PM,good,"Mason","","","Mason called me and we talked for a little bit. He said he would come over at least for a little bit tomorrow."
2025-08-16,August 16,Saturday,12:46 PM,bad,"","","","I feel very sad and isolated, and it's only been a few days since I've been staying home taking care of Mom. I really think this is a trauma response to when I was taking care of Dad and Memaw years ago, and I guess when Harlon lived with us.<br><br>I tried to call Mason to make sure he got my messages and he didn't answer. I started panicking, and I absolutely can't stand that I reacted that way. I felt that desperation like feeling and I'm worked that my bond with him is starting to resemble a borderline FP like relationship, which I absolutely do not fucking want to happen. I want things to stay at healthy as possible. I think I might overthinking it though, and overly paranoid of hurting others like I used to.<br><br>Brian is here helping. I'm taking a break. I need to rest but I can't stop thinking. I took a Stelazine. I hope I can calm down and rest while he's here. I'm completely exhausted."
2025-08-16,August 16,Saturday,12:29 PM,meh,"","","","Have been up working since 6 am. Mason had to go home last night because his face was itching really bad. He was planning on staying with me through today until the pride event this evening. But he's hanging out with Rayce right now which I'm glad he's getting to do without me tagging along—i think it's important for him to have him time with his friends. I don't have to always be with him every time he hangs out with his friends. I know he doesn't mind, but I think it's healthy to do it that way."
2025-08-16,August 16,Saturday,9:22 AM,meh,"","","",""
2025-08-15,August 15,Friday,11:01 PM,good,"","","",""
2025-08-15,August 15,Friday,2:07 PM,meh,"","","",""
2025-08-15,August 15,Friday,9:45 AM,bad,"","","","I'm scared. Mom is in a lot of pain and I can't get her to get up or walk. She has physical therapy today and I don't know how I'm going to get her there much less to and from the bathroom..."
2025-08-14,August 14,Thursday,10:09 PM,rad,"Mason","","",""
2025-08-14,August 14,Thursday,7:26 PM,meh,"","","",""
2025-08-14,August 14,Thursday,12:48 PM,meh,"","","","Pretty stressed... It's the day after Mom's knee replacement surgery and I'm very much back and forth and tethered down. I'm not used to not being able to get away. But it's only for a short time, and it's so that Mom can be hopefully without as much pain as before and maybe even get some independence and mobility back."
2025-08-13,August 13,Wednesday,7:25 PM,good,"","","",""
2025-08-13,August 13,Wednesday,12:46 PM,good,"","","",""
2025-08-13,August 13,Wednesday,9:01 AM,good,"","","",""
2025-08-12,August 12,Tuesday,2:20 PM,meh,"","","",""
2025-08-12,August 12,Tuesday,9:50 AM,meh,"","","",""
2025-08-11,August 11,Monday,8:16 PM,meh,"","","",""
2025-08-11,August 11,Monday,9:03 AM,good,"","","",""
2025-08-10,August 10,Sunday,7:54 PM,good,"","","",""
2025-08-10,August 10,Sunday,2:28 PM,rad,"Mason","","",""
2025-08-10,August 10,Sunday,10:08 AM,good,"","","",""
2025-08-09,August 9,Saturday,7:00 PM,rad,"Mason","","",""
2025-08-09,August 9,Saturday,1:01 PM,rad,"Mason","","",""
2025-08-09,August 9,Saturday,9:30 AM,rad,"Mason","","",""
2025-08-08,August 8,Friday,7:42 PM,rad,"Mason","","",""
2025-08-08,August 8,Friday,1:25 PM,good,"","","",""
2025-08-08,August 8,Friday,11:19 AM,good,"","","",""
2025-08-07,August 7,Thursday,9:30 PM,good,"","","",""
2025-08-07,August 7,Thursday,12:58 PM,good,"","","",""
2025-08-07,August 7,Thursday,9:28 AM,meh,"","","",""
2025-08-06,August 6,Wednesday,7:42 PM,meh,"","","",""
2025-08-06,August 6,Wednesday,4:16 PM,good,"","","",""
2025-08-06,August 6,Wednesday,9:03 AM,meh,"","","",""
2025-08-05,August 5,Tuesday,9:01 PM,good,"","","",""
2025-08-05,August 5,Tuesday,12:41 PM,good,"","","",""
2025-08-05,August 5,Tuesday,9:49 AM,meh,"","","",""
2025-08-04,August 4,Monday,7:30 PM,meh,"","","",""
2025-08-04,August 4,Monday,12:54 PM,good,"","","",""
2025-08-04,August 4,Monday,9:32 AM,good,"","","",""
2025-08-03,August 3,Sunday,1:07 PM,rad,"Mason","","",""
2025-08-03,August 3,Sunday,9:15 AM,rad,"Mason","","",""
2025-08-02,August 2,Saturday,11:38 PM,rad,"Mason","","",""
2025-08-02,August 2,Saturday,9:17 AM,rad,"Mason","","",""
2025-08-01,August 1,Friday,7:00 PM,rad,"Mason","","",""
2025-08-01,August 1,Friday,12:46 PM,good,"","","",""
2025-08-01,August 1,Friday,9:10 AM,good,"","","",""
2025-07-31,July 31,Thursday,7:01 PM,good,"","","",""
2025-07-31,July 31,Thursday,1:23 PM,rad,"","","",""
2025-07-31,July 31,Thursday,9:01 AM,rad,"","","",""
2025-07-30,July 30,Wednesday,7:16 PM,rad,"","","",""
2025-07-30,July 30,Wednesday,12:57 PM,rad,"","","",""
2025-07-29,July 29,Tuesday,7:19 PM,meh,"","","",""
2025-07-29,July 29,Tuesday,12:44 PM,good,"","","",""
2025-07-28,July 28,Monday,7:00 PM,good,"","","",""
2025-07-28,July 28,Monday,7:00 PM,good,"","","",""
2025-07-28,July 28,Monday,10:48 AM,good,"","","",""
2025-07-27,July 27,Sunday,7:01 PM,good,"","","",""
2025-07-26,July 26,Saturday,8:33 PM,good,"","","",""
2025-07-26,July 26,Saturday,10:54 AM,good,"","","",""
2025-07-25,July 25,Friday,7:07 PM,meh,"","","",""
2025-07-25,July 25,Friday,4:30 PM,rad,"","","",""
2025-07-24,July 24,Thursday,7:07 PM,good,"","","",""
2025-07-24,July 24,Thursday,7:07 PM,good,"","","",""
2025-07-24,July 24,Thursday,9:40 AM,good,"","","",""
2025-07-23,July 23,Wednesday,7:54 PM,meh,"","","",""
2025-07-23,July 23,Wednesday,1:41 PM,good,"","","",""
2025-07-23,July 23,Wednesday,9:41 AM,good,"","","",""
2025-07-22,July 22,Tuesday,9:00 PM,rad,"family | friends | Mason","","",""
2025-07-22,July 22,Tuesday,2:35 PM,good,"","","",""
2025-07-22,July 22,Tuesday,9:02 AM,good,"","","",""
2025-07-21,July 21,Monday,10:16 PM,good,"","","",""
2025-07-21,July 21,Monday,12:40 PM,rad,"","","",""
2025-07-20,July 20,Sunday,11:07 PM,good,"","","",""
2025-07-20,July 20,Sunday,1:31 PM,good,"family","","",""
2025-07-20,July 20,Sunday,9:04 AM,rad,"","","",""
2025-07-19,July 19,Saturday,10:53 PM,rad,"friends | Mason","","",""
2025-07-19,July 19,Saturday,3:04 PM,rad,"Mason","","",""
2025-07-18,July 18,Friday,7:00 PM,rad,"Mason","","",""
2025-07-18,July 18,Friday,2:43 PM,rad,"Mason","","",""
2025-07-17,July 17,Thursday,7:07 PM,rad,"Mason","","",""
2025-07-17,July 17,Thursday,1:10 PM,good,"","","",""
2025-07-17,July 17,Thursday,9:27 AM,meh,"","","",""
2025-07-16,July 16,Wednesday,2:37 PM,good,"","","",""
2025-07-16,July 16,Wednesday,9:15 AM,good,"","","",""
2025-07-15,July 15,Tuesday,7:00 PM,good,"","","",""
2025-07-15,July 15,Tuesday,2:40 PM,good,"","","",""
2025-07-15,July 15,Tuesday,9:09 AM,good,"","","",""
2025-07-14,July 14,Monday,12:48 PM,good,"","","",""
2025-07-14,July 14,Monday,10:51 AM,good,"","","",""
2025-07-13,July 13,Sunday,8:06 PM,good,"","","",""
2025-07-13,July 13,Sunday,9:36 AM,rad,"Mason","","",""
2025-07-12,July 12,Saturday,9:26 PM,rad,"Mason","","",""
2025-07-12,July 12,Saturday,9:03 AM,good,"","","",""
2025-07-11,July 11,Friday,7:07 PM,rad,"Mason","","",""
2025-07-11,July 11,Friday,2:44 PM,good,"","","",""
2025-07-11,July 11,Friday,9:01 AM,good,"","","",""
2025-07-10,July 10,Thursday,7:54 PM,good,"","","",""
2025-07-10,July 10,Thursday,12:38 PM,good,"","","",""
2025-07-09,July 9,Wednesday,8:47 PM,good,"","","",""
2025-07-09,July 9,Wednesday,6:37 PM,good,"","","",""
2025-07-09,July 9,Wednesday,9:20 AM,good,"","","",""
2025-07-08,July 8,Tuesday,7:12 PM,good,"","","",""
2025-07-08,July 8,Tuesday,10:38 AM,bad,"","","",""
2025-07-07,July 7,Monday,7:39 PM,good,"","","",""
2025-07-07,July 7,Monday,9:15 AM,good,"","","",""
2025-07-06,July 6,Sunday,5:45 PM,rad,"friends | Mason","","",""
2025-07-06,July 6,Sunday,9:01 AM,rad,"friends | Mason","","",""
2025-07-05,July 5,Saturday,7:24 PM,rad,"family","","",""
2025-07-05,July 5,Saturday,12:41 PM,rad,"Mason","","",""
2025-07-04,July 4,Friday,7:53 PM,rad,"friends | Mason","","",""
2025-07-04,July 4,Friday,1:22 PM,rad,"","","",""
2025-07-03,July 3,Thursday,7:40 PM,rad,"Mason","","",""
2025-07-03,July 3,Thursday,1:15 PM,good,"","","",""
2025-07-03,July 3,Thursday,10:49 AM,good,"","","",""
2025-07-02,July 2,Wednesday,7:59 PM,good,"","","",""
2025-07-02,July 2,Wednesday,12:30 PM,good,"","","",""
2025-07-02,July 2,Wednesday,9:35 AM,meh,"","","",""
2025-07-01,July 1,Tuesday,10:49 PM,good,"","","",""
2025-07-01,July 1,Tuesday,10:08 AM,bad,"","","",""
2025-06-30,June 30,Monday,7:31 PM,meh,"","","",""
2025-06-30,June 30,Monday,10:55 AM,bad,"","","",""
2025-06-29,June 29,Sunday,7:06 PM,good,"","","",""
2025-06-29,June 29,Sunday,11:12 AM,good,"","","",""
2025-06-28,June 28,Saturday,7:01 PM,good,"","","",""
2025-06-28,June 28,Saturday,1:07 PM,good,"","","",""
2025-06-28,June 28,Saturday,11:54 AM,good,"","","",""
2025-06-27,June 27,Friday,7:19 PM,rad,"","","",""
2025-06-26,June 26,Thursday,7:43 PM,good,"","","",""
2025-06-26,June 26,Thursday,9:12 AM,meh,"","","",""
2025-06-25,June 25,Wednesday,8:50 PM,meh,"","","",""
2025-06-25,June 25,Wednesday,2:47 PM,meh,"","","",""
2025-06-25,June 25,Wednesday,9:54 AM,good,"","","",""
2025-06-24,June 24,Tuesday,7:20 PM,good,"","","",""
2025-06-24,June 24,Tuesday,1:36 PM,good,"","","",""
2025-06-24,June 24,Tuesday,9:03 AM,meh,"","","",""
2025-06-23,June 23,Monday,7:46 PM,good,"","","",""
2025-06-23,June 23,Monday,4:47 PM,meh,"","","",""
2025-06-22,June 22,Sunday,7:18 PM,good,"","","",""
2025-06-21,June 21,Saturday,7:20 PM,good,"","","",""
2025-06-21,June 21,Saturday,9:02 AM,rad,"","","",""
2025-06-20,June 20,Friday,2:08 PM,good,"","","",""
2025-06-20,June 20,Friday,9:02 AM,good,"","","",""
2025-06-19,June 19,Thursday,7:06 PM,rad,"Mason","","",""
2025-06-19,June 19,Thursday,12:32 PM,good,"","","",""
2025-06-18,June 18,Wednesday,7:14 PM,rad,"Mason","","",""
2025-06-18,June 18,Wednesday,1:47 PM,good,"","","",""
2025-06-18,June 18,Wednesday,9:15 AM,good,"","","",""
2025-06-17,June 17,Tuesday,8:21 PM,good,"Mason","","","We talked things out and I believe have reached a point where we are both seeing eye to eye with each other. I think in the past perhaps I didn't feel like he totally connected with me on my level, and that I was kinda just going along with it and not saying I felt like I had anything else to talk about because I just didn't want to continue him being mad at me."
2025-06-17,June 17,Tuesday,12:34 PM,bad,"Mason","","",""
2025-06-17,June 17,Tuesday,9:20 AM,bad,"","","","Therapy about argument with Mason last night."
2025-06-16,June 16,Monday,11:00 PM,awful,"Mason","","","Argument. Scared. Suicidal."
2025-06-16,June 16,Monday,9:06 PM,bad,"","","","I just sent a letter to Mason, and he hasn't responded yet that he at least got it after I asked him. It details how I've been feeling lately with him. I really hope I didn't just fuck everything up by sending that to him before I was absolutely sure about everything I was saying and that it was coming from a sound state of mind and not a frenzied, dysregulated state of mind... I want to be with Mason for life of I'm honest. I want it to work. I hope he does too after he reads that. I honestly don't know how I'll cope if he decides he doesn't want to be with me after all. Although, I totally wouldn't blame him..."
2025-06-16,June 16,Monday,1:41 PM,good,"","","",""
2025-06-15,June 15,Sunday,7:00 PM,good,"","","",""
2025-06-14,June 14,Saturday,7:41 PM,good,"","","",""
2025-06-14,June 14,Saturday,4:42 PM,meh,"","","",""
2025-06-13,June 13,Friday,12:31 PM,good,"","","",""
2025-06-12,June 12,Thursday,7:00 PM,good,"","","",""
2025-06-12,June 12,Thursday,9:24 AM,good,"","","",""
2025-06-11,June 11,Wednesday,7:15 PM,good,"","","",""
2025-06-11,June 11,Wednesday,4:00 PM,good,"","","",""
2025-06-10,June 10,Tuesday,8:31 PM,good,"","","",""
2025-06-10,June 10,Tuesday,5:00 PM,rad,"Mason","","",""
2025-06-09,June 9,Monday,7:36 PM,good,"","","",""
2025-06-09,June 9,Monday,12:37 PM,good,"","","",""
2025-06-09,June 9,Monday,9:16 AM,good,"","","",""
2025-06-08,June 8,Sunday,7:02 PM,bad,"","","",""
2025-06-08,June 8,Sunday,1:38 PM,meh,"","","",""
2025-06-07,June 7,Saturday,7:09 PM,meh,"","","",""
2025-06-07,June 7,Saturday,5:01 PM,rad,"Mason","","",""
2025-06-07,June 7,Saturday,9:00 AM,rad,"friends | Mason","","",""
2025-06-06,June 6,Friday,7:00 PM,rad,"","","",""
2025-06-05,June 5,Thursday,8:20 PM,good,"","","",""
2025-06-05,June 5,Thursday,1:25 PM,meh,"","","",""
2025-06-05,June 5,Thursday,9:28 AM,good,"","","",""
2025-06-04,June 4,Wednesday,12:45 PM,meh,"","","",""
2025-06-04,June 4,Wednesday,9:29 AM,meh,"","","","Not feeling 100% like crap, but not feeling good either. I slept a good bit more last night than I typically do, though it was very, very fragmented."
2025-06-03,June 3,Tuesday,7:46 PM,awful,"","","","Feeling a seething, burning inner hostility and irritability. I'm angry about things I can't change and am hung up on them. I don't seem to be able to reason around them or self regulate emotionally. I'm just completely overwhelmed and have no idea how to calm down from this level of a hyper-emotional state. It feels like there is molten hot lava pouring into my synapses with every waking agonizing second."
2025-06-03,June 3,Tuesday,4:15 PM,meh,"","","","Learned the new of the decision for work: I lack fundamental knowledge to be able to do dev work for JDM, and all other positions require a 4 year degree in CS/CE."
2025-06-03,June 3,Tuesday,3:12 AM,bad,"","","","I cannot sleep even though I didn't sleep last night... I get tired during the day and cannot sleep at night. My brain is 100% ON at night, and I want to just sleep during the day. I know if I give into that (assuming I was even able to) that my mood would plummet. I wonder if I have a circadian rhythm disturbance and which doctor I would need to talk to about it... I've been incredibly stressed and anxious and my health anxiety is spiking as a result. I was doing very well for a while, but things are just ramping up it seems..."
2025-06-02,June 2,Monday,7:00 PM,meh,"","","","Feeling extremely insecure about my ability to do what is expected of me for the job I'm hoping to get. Last week was the end of my ""trial week,"" and Akash was going to talk to Darren about his decision today. He hadn't been able to do so by this morning when I got to the office around 10:00 AM, and said he would call me/contact me as soon as he found out. I haven't heard from him yet, so maybe he didn't have time to or maybe he forgot, or maybe it was bad news (I didn't get the position) and he wants to deliver the news to me in person. Either way, I appreciate what he did to set up this opportunity for me."
2025-06-01,June 1,Sunday,7:53 PM,rad,"","","",""
2025-06-01,June 1,Sunday,1:04 PM,meh,"","","",""
2025-06-01,June 1,Sunday,7:25 AM,bad,"","","","Feeling like dogshit this morning... I want to just go home so I can be sad by myself and not be a burden. I should know better than that... Why do I feel like a burden? Is it because I feel needy and clingy to Mason for some reason last night and this morning and am afraid he'll get annoyed and leave me and so I just disappear first to protect myself? I don't know... I don't want him to leave me or me leave him... I had a possible seizure last night and cried for no apparent reason last night. Mason pointed out that when I have a possible seizure that I get very emotional that night. I guess it might have something to do with that... But knowing the past with my EEGs, nothing will show up on an EEG even if I stay in an EMU and he'll say it's PNES... And it'll be invariably linked to my BPD... Because clearly I'm just doing it for attention, like that psych nurse accused me of attempting suicide for... ""No one was paying attention to you so you just did it to get the attention..."" Bitch...<br><br>Jeez... I hate that so much when that happens. We're probably going to cathedral caverns today. I hope I'm mentally up to it... I don't want to be a drag the whole time and possibly be like ""I don't think I can keep going"" or Mason notice I look like I obviously feel like shit and ask if I want to go home and me actually *do* want to go home but feel put on the spot in front of his sister and nephew and me not want to be a party pooper. They'll be there in their own car anyway, but I wouldn't want to depart and let that be my goodbye to them if that happened.<br><br>WHATEVER the cause for this emotional lability, I fucking hate it to pieces."
2025-05-31,May 31,Saturday,11:57 PM,bad,"","","","Feeling sad and poopy for no apparent reason tonight, despite being with Mason "
2025-05-31,May 31,Saturday,7:14 PM,rad,"","","",""
2025-05-31,May 31,Saturday,2:17 PM,rad,"","","",""
2025-05-31,May 31,Saturday,9:34 AM,rad,"","","",""
2025-05-30,May 30,Friday,7:14 PM,rad,"friends | Mason","","",""
2025-05-30,May 30,Friday,10:10 AM,good,"","","",""
2025-05-29,May 29,Thursday,7:07 PM,good,"","","",""
2025-05-29,May 29,Thursday,10:22 AM,good,"","","",""
2025-05-28,May 28,Wednesday,8:26 PM,rad,"","","",""
2025-05-28,May 28,Wednesday,2:21 PM,rad,"","","",""
2025-05-28,May 28,Wednesday,9:55 AM,rad,"Therapy","","",""
2025-05-27,May 27,Tuesday,3:58 PM,bad,"","","","Feeling suddenly extremely sad for no apparent reason..."
2025-05-27,May 27,Tuesday,9:51 AM,good,"home | Productive day","","",""
2025-05-26,May 26,Monday,10:02 PM,good,"","","",""
2025-05-25,May 25,Sunday,8:26 PM,rad,"","","",""
2025-05-25,May 25,Sunday,1:11 PM,rad,"family | friends","","",""
2025-05-24,May 24,Saturday,12:55 PM,rad,"Mason","","",""
2025-05-24,May 24,Saturday,9:26 AM,rad,"Mason","","",""
2025-05-23,May 23,Friday,7:02 PM,rad,"","","",""
2025-05-23,May 23,Friday,9:57 AM,rad,"Mason","","",""
2025-05-22,May 22,Thursday,8:07 PM,rad,"Mason","","",""
2025-05-22,May 22,Thursday,12:43 PM,good,"","","",""
2025-05-22,May 22,Thursday,9:04 AM,bad,"","","",""
2025-05-21,May 21,Wednesday,7:50 PM,good,"","","",""
2025-05-21,May 21,Wednesday,1:04 PM,good,"","","",""
2025-05-21,May 21,Wednesday,9:33 AM,good,"","","",""
2025-05-20,May 20,Tuesday,9:05 AM,rad,"","","","I adore how Mason texts me every morning and night to tell me he loves me. 🥰"
2025-05-19,May 19,Monday,7:20 PM,rad,"","","",""
2025-05-19,May 19,Monday,3:14 PM,rad,"","","","Just learned I have the approval to start a trial run for programming at JDM Solutions! 10 hrs/week"
2025-05-19,May 19,Monday,10:44 AM,good,"","","",""
2025-05-18,May 18,Sunday,7:29 PM,rad,"","","",""
2025-05-18,May 18,Sunday,12:17 PM,rad,"Mason","","",""
2025-05-17,May 17,Saturday,7:35 PM,rad,"","","",""
2025-05-17,May 17,Saturday,12:30 PM,rad,"","","",""
2025-05-16,May 16,Friday,7:05 PM,rad,"Mason","","",""
2025-05-16,May 16,Friday,2:56 PM,rad,"","","",""
2025-05-16,May 16,Friday,10:16 AM,rad,"Mason","","",""
2025-05-15,May 15,Thursday,7:59 PM,rad,"Mason","","",""
2025-05-15,May 15,Thursday,12:00 PM,good,"","","",""
2025-05-14,May 14,Wednesday,7:30 PM,meh,"","","",""
2025-05-14,May 14,Wednesday,3:30 PM,good,"","","",""
2025-05-13,May 13,Tuesday,8:42 PM,good,"","","",""
2025-05-13,May 13,Tuesday,1:14 PM,meh,"","","",""
2025-05-12,May 12,Monday,7:03 PM,meh,"","","",""
2025-05-12,May 12,Monday,2:44 PM,meh,"","","",""
2025-05-11,May 11,Sunday,8:11 PM,good,"","","",""
2025-05-11,May 11,Sunday,1:34 PM,rad,"family","","",""
2025-05-11,May 11,Sunday,10:20 AM,meh,"","","","Coding problems"
2025-05-10,May 10,Saturday,10:46 PM,good,"","","",""
2025-05-10,May 10,Saturday,4:31 PM,rad,"Mason","","",""
2025-05-10,May 10,Saturday,10:36 AM,rad,"friends | Mason","","",""
2025-05-09,May 9,Friday,9:42 PM,rad,"Mason","","",""
2025-05-08,May 8,Thursday,7:46 PM,meh,"","","",""
2025-05-08,May 8,Thursday,11:43 AM,meh,"","","",""
2025-05-07,May 7,Wednesday,7:00 PM,meh,"","","",""
2025-05-07,May 7,Wednesday,10:26 AM,awful,"family","","","I don't know how I'm going to handle anything going on with Mom. She wants to get rid of boxes and not pack stuff up to clean. I don't know what to do. Mason wants me to do it one way, Mom doesn't want to do it that way. I'm glad Mason wants to help, but I feel so conflicted and in the middle of it that I just want to roll over and give up. I am so tired of feeling like I have no support from Brian and James and Beth. Brian would help if he could, I know. But James and Beth seem not to want to have anything to do with us. They care about their cats more than anything and anyone it seems. And if they were in the same situation, they would expect us to swoop in and save the day for them, which we have before. I want to let Mason help, but I want Mom to let him help me. Things haven't been going the way they need to go with Mom trying to do things her way. I just don't have the emotional fortitude to just do it my/Mason's way anyway. I want to escape, move out, move in with Mason. But I basically don't have a job. 5 hours a week to do personal programming projects is better than nothing, but I need more hours. I need to talk to them about opportunities (hopefully some as a developer that they won't give to someone else after they told me I will get it)."
2025-05-07,May 7,Wednesday,9:23 AM,good,"","","",""
2025-05-06,May 6,Tuesday,11:53 PM,rad,"Mason","","",""
2025-05-06,May 6,Tuesday,12:37 PM,meh,"","","",""
2025-05-05,May 5,Monday,7:48 PM,rad,"Mason","","",""
2025-05-05,May 5,Monday,12:48 PM,meh,"","","",""
2025-05-04,May 4,Sunday,10:14 PM,meh,"","","",""
2025-05-04,May 4,Sunday,1:48 PM,rad,"Mason","","",""
2025-05-03,May 3,Saturday,11:53 PM,rad,"Mason","","",""
2025-05-03,May 3,Saturday,2:28 PM,rad,"Mason","","",""
2025-05-03,May 3,Saturday,10:39 AM,rad,"Mason","","",""
2025-05-02,May 2,Friday,11:52 PM,rad,"Mason","","",""
2025-05-02,May 2,Friday,9:12 AM,meh,"","","",""
2025-05-01,May 1,Thursday,7:58 PM,meh,"","","",""
2025-05-01,May 1,Thursday,12:57 PM,meh,"","","",""
2025-05-01,May 1,Thursday,9:00 AM,bad,"","","",""
2025-04-30,April 30,Wednesday,7:03 PM,good,"","","",""
2025-04-30,April 30,Wednesday,2:26 PM,good,"","","",""
2025-04-30,April 30,Wednesday,9:19 AM,meh,"","","",""
2025-04-29,April 29,Tuesday,11:37 PM,meh,"","","",""
2025-04-29,April 29,Tuesday,6:46 PM,bad,"","","",""
2025-04-29,April 29,Tuesday,12:32 PM,rad,"Mason","","","Akash took my to lunch which was very nice of him. We talked about my mom (yesterday's doctor visit, Dr. Whitfield talking about Mom going to long term care facility)."
2025-04-28,April 28,Monday,1:03 PM,good,"","","",""
2025-04-27,April 27,Sunday,11:47 PM,rad,"","","",""
2025-04-27,April 27,Sunday,1:15 PM,rad,"Mason","","",""
2025-04-26,April 26,Saturday,11:21 PM,rad,"Mason","","",""
2025-04-26,April 26,Saturday,2:39 PM,meh,"","","",""
2025-04-26,April 26,Saturday,9:06 AM,good,"","","",""
2025-04-25,April 25,Friday,10:10 PM,meh,"","","",""
2025-04-25,April 25,Friday,3:10 PM,rad,"Bryan","","",""
2025-04-25,April 25,Friday,9:05 AM,meh,"","","","I think I've been programming and eating too much..."
2025-04-24,April 24,Thursday,10:33 PM,meh,"","","",""
2025-04-24,April 24,Thursday,5:21 PM,good,"","","","Doctor's appointment went well. Very tired. "
2025-04-24,April 24,Thursday,12:49 PM,meh,"","","","I'm waiting for my doctor's appointment with Dr. Whitfield. I'm so tired... I didn't sleep until 6:00 this morning. I stayed up programming. I'm feeling out of it, spaced out, and keep making ""Tina groans"" randomly because I just feel generally bad. Things aren't going so well. Especially with Mom's health. I'm down because no matter what I and Dr. Whitfield do, it seems like we can't get answers and she just keeps feeling worse. She is becoming more and more frail, and her rate of decline seems to be increasing. I'm hopeful that Dr. Whitfield will get to the bottom of everything eventually. She seems determined. I just have so much to do with the house though. Very unmotivated to do anything about it. I feel like I'm in on this alone. Mason wants to help very badly, but I get incredibly anxious when he tries to help me with putting stuff away that we don't need. I feel like I'm failing him."
2025-04-23,April 23,Wednesday,7:31 PM,meh,"Hospital | rain","","","Here at the hospital with Mom. We were at Dr. Whitfield's and her blood pressure was very low (72/48) and wanted her to go to the ER right away. She thinks she and the doctors who have seen her may be missing something, and that nothing is lining up right. She wants her in a place where she can have tests ran right away and their results interpreted immediately.<br><br>I'm hanging in there though. It feels like I have been doing all this stuff involved with taking care of Mom alone. Mason has been helping more than anyone in the family, but at this point, he *is* family. He's such a sweetheart and I couldn't be more grateful for him."
2025-04-23,April 23,Wednesday,7:00 PM,meh,"","","",""
2025-04-23,April 23,Wednesday,9:17 AM,good,"","","","So sleepy!!"
2025-04-22,April 22,Tuesday,7:00 PM,meh,"","","",""
2025-04-22,April 22,Tuesday,12:33 PM,good,"","","",""
2025-04-22,April 22,Tuesday,9:27 AM,good,"","","",""
2025-04-21,April 21,Monday,8:26 PM,good,"","","",""
2025-04-21,April 21,Monday,8:26 PM,good,"friends | home","","","Talking to Blake on Discord "
2025-04-21,April 21,Monday,2:07 PM,meh,"bad sleep | home","","","I was working on my app for work but was running into problems as usual. I started feeling discouraged, and got really tired. I hadn't taken my second Dexedrine dose, and I'm taking the Actavis today, which seems not that effective after all. I've taken 60 mg total and I'm still very tired. Could be lack of sleep last night though.<br><br>I'm feeling kind of ""bleh."" I'm not sure why, maybe because I kept running into problems in my project and didn't get much sleep last night. It could also be the Dexedrine brand I took today. (My pharmacist filled it half Actavis and half Mallinckrodt.)"
2025-04-21,April 21,Monday,8:00 AM,good,"home","","",""
2025-04-20,April 20,Sunday,7:02 PM,good,"","","",""
2025-04-20,April 20,Sunday,1:13 PM,good,"","","","I've been trying to work on an Android app all morning without much success. I decided to take a break before I got frustrated. <br><br>I started working in the kitchen to organize the cabinets and clean, but my head started hurting and face started flushing/burning. I'm taking a break right now, and considering either going out to buy a blood pressure monitor because I can't find mine or order one on Door Dash. Mason wouldn't be happy that I did that, but I'm kind of feeling pretty awful and need to know if my blood pressure is spiking or something. <br><br>Mentally, I'm doing alright. Slightly above neutral, not excessively happy but not sad; content I guess is the word I'm looking for. Now that I'm thinking about it, I'm pretty grateful for that!"
2025-04-19,April 19,Saturday,8:04 PM,good,"","","",""
2025-04-19,April 19,Saturday,12:56 PM,rad,"","","",""
2025-04-19,April 19,Saturday,11:29 AM,rad,"Mason","","",""
2025-04-18,April 18,Friday,7:38 PM,good,"Mason | Mason's","","",""
2025-04-18,April 18,Friday,9:06 AM,rad,"Mason | medium sleep | Good breakfast | time together | Mason's | sunny | clouds","","",""
2025-04-17,April 17,Thursday,11:12 PM,good,"Mason","","",""
2025-04-17,April 17,Thursday,7:29 PM,awful,"home","","",""
2025-04-17,April 17,Thursday,1:08 PM,good,"home","","",""
2025-04-17,April 17,Thursday,9:34 AM,rad,"Psychiatrist | sunny","","","Just saw Dr. Liu <br>Changes:<br>Dexedrine ER (Amneal) 15 mg 1-4 PO qam<br>Loreev XR 1 mg<br>Stelazine 2 mg 1 PO x1 PRN (5 per month)"
2025-04-16,April 16,Wednesday,7:16 PM,bad,"","","",""
2025-04-16,April 16,Wednesday,2:16 PM,good,"","","",""
2025-04-16,April 16,Wednesday,9:18 AM,good,"","","",""
2025-04-15,April 15,Tuesday,12:55 PM,good,"","","",""
2025-04-15,April 15,Tuesday,9:01 AM,meh,"","","",""
2025-04-14,April 14,Monday,2:37 PM,meh,"","","",""
2025-04-14,April 14,Monday,9:08 AM,good,"","","",""
2025-04-13,April 13,Sunday,7:25 PM,good,"","","",""
2025-04-13,April 13,Sunday,12:35 PM,rad,"family | Mason","","",""
2025-04-13,April 13,Sunday,9:30 AM,good,"","","",""
2025-04-12,April 12,Saturday,7:04 PM,rad,"Mason","","",""
2025-04-12,April 12,Saturday,1:22 PM,rad,"friends | Mason","","",""
2025-04-12,April 12,Saturday,9:23 AM,rad,"Mason","","",""
2025-04-11,April 11,Friday,7:00 PM,rad,"Mason","","",""
2025-04-11,April 11,Friday,12:58 PM,good,"Mason","","",""
2025-04-11,April 11,Friday,10:08 AM,good,"","","",""
2025-04-10,April 10,Thursday,7:00 PM,awful,"Mason","","",""
2025-04-10,April 10,Thursday,12:57 PM,rad,"Work","","",""
2025-04-10,April 10,Thursday,9:35 AM,good,"","","",""
2025-04-09,April 9,Wednesday,8:37 PM,rad,"Mason | good sleep | Sushi | Gym | time together | sunny | Warm","","",""
2025-04-09,April 9,Wednesday,2:33 PM,good,"","","",""
2025-04-08,April 8,Tuesday,8:40 PM,good,"","","",""
2025-04-08,April 8,Tuesday,1:22 PM,rad,"Akash | Work | sunny | Cold | Warm | end on time | Productive day","","","So... Akash is a very sweet guy, especially for being my supervisor. But today, our interaction during telling him about last week with Brian having surgery, was... interesting. <br><br>He insisted that we sit across from each other and not have the desk between us. As we were talking, as usual, I couldn't help but get distracted by his... uh... package... I'm pretty sure he knows very well that I regularly do that prior to this interaction. So at one point, he put his hands over his crotch, and I'm not sure if he was doing this unconsciously or maybe just trying to hide it because he knew I was looking at it, but he did seem to start rubbing it... As a way to test the waters, I responded by discretely rubbing mine too. He crossed his legs and kept his hands over it, but this time it looked definitely like he was hiding it. When we got done talking, he stood up facing away from me with his arm still kind of down there, almost like he was trying to hide an erection. As we finished talking and I was leaving his office, it seemed like we were about to hug, but I second thought doing that and just walked out saying thank you for the talk. It seemed like a missed opportunity to express gratitude and affection. But I had a very giddy, butterfly-like feeling in my chest after that talk I've never felt before with him. <br><br>After I finished work, I told him thank you for the talk earlier and gestured for a hug. He said, ""oh of course man!"" As he was hugging me, he said, ""we're here for each other,"" and as I was pulling away from the hug, he kind of pulled me back in and patted my back and squeezed me very hard. Oof... As I was walking out, he said, ""nice cologne on you by the way..."" He smelled very nice too, honestly, so I said, ""you too man!""<br><br>I don't know what to do with these weird feelings... It's not quite sexual in nature, more of an emotional kind of giddiness, like one might feel from a very meaningful intimate interaction with someone very close to them. <br><br>He's extremely attractive to me, yes... I don't know if he finds me attractive sexually or not. He has implied that he is straight once before, but I'm really not sure. He doesn't really talk about women a lot at all. That doesn't really mean anything though. He could see me as a ""bro"" like figure, and this affection could be very ""bro-like"" in nature. <br><br>I enjoy it very much. I actually want to be closer to him, but I'm not sure if that would be appropriate for a supervisor-employee rapport. If it gets closer, it gets closer. But if it gets to a certain point, I will need to speak to Mason about it. I'm actually thinking about talking to him about it next time I see him (which will likely be tomorrow).<br><br>Man... Do I... love Akash on some level? Does he love me on some level? This kind of feels like love to me. I'm just not sure what type or if it's appropriate as I'm invested in my relationship with Mason. This is so confusing. If given the opportunity, if Akash made an advance of any kind, I'm not sure I wouldn't be able to give into my impulses, which is why I really need to talk to Mason about it. I am currently kind of fantasizing about things like cuddling with him and just showing that level of affection and connection. Uhh, maybe even fondling him... But that could easily lead to more if that happened and both of us wanted it. Yeah... Definitely need to talk to Mason ASAP."
2025-04-08,April 8,Tuesday,9:45 AM,good,"","","",""
2025-04-07,April 7,Monday,7:12 PM,rad,"Mason","","",""
2025-04-07,April 7,Monday,2:28 PM,meh,"","","",""
2025-04-07,April 7,Monday,9:16 AM,good,"","","",""
2025-04-06,April 6,Sunday,7:27 PM,meh,"","","",""
2025-04-06,April 6,Sunday,4:18 PM,rad,"Mason","","",""
2025-04-06,April 6,Sunday,10:25 AM,rad,"Mason","","",""
2025-04-05,April 5,Saturday,2:27 PM,rad,"Mason","","",""
2025-04-05,April 5,Saturday,9:36 AM,rad,"Mason","","",""
2025-04-04,April 4,Friday,4:51 PM,good,"","","",""
2025-04-04,April 4,Friday,11:44 AM,good,"","","",""
2025-04-03,April 3,Thursday,7:55 PM,good,"","","",""
2025-04-03,April 3,Thursday,1:21 PM,good,"","","",""
2025-04-03,April 3,Thursday,11:30 AM,good,"","","","Took Mom to see Dr. Liu. Brian is in the hospital after he had surgery on his intestines and had his appendix removed. He's not doing so well and they're keeping him longer than expected."
2025-04-02,April 2,Wednesday,7:00 PM,rad,"","","",""
2025-04-02,April 2,Wednesday,12:44 PM,rad,"Mason","","",""
2025-04-02,April 2,Wednesday,9:07 AM,rad,"Mason","","",""
2025-04-01,April 1,Tuesday,7:01 PM,rad,"Mason","","",""
2025-04-01,April 1,Tuesday,12:32 PM,meh,"","","",""
2025-04-01,April 1,Tuesday,10:00 AM,good,"","","",""
2025-03-31,March 31,Monday,8:09 PM,good,"","","",""
2025-03-31,March 31,Monday,12:55 PM,awful,"","","",""
2025-03-31,March 31,Monday,9:27 AM,meh,"","","",""
2025-03-30,March 30,Sunday,7:00 PM,awful,"","","",""
2025-03-30,March 30,Sunday,10:12 AM,meh,"","","",""
2025-03-29,March 29,Saturday,10:34 PM,good,"","","",""
2025-03-29,March 29,Saturday,11:25 AM,rad,"Mason","","",""
2025-03-28,March 28,Friday,7:01 PM,rad,"Mason","","",""
2025-03-28,March 28,Friday,12:47 PM,rad,"Mason","","",""
2025-03-28,March 28,Friday,9:04 AM,rad,"Mason","","",""
2025-03-27,March 27,Thursday,7:00 PM,rad,"Mason","","",""
2025-03-27,March 27,Thursday,9:00 AM,good,"","","",""
2025-03-26,March 26,Wednesday,8:36 PM,good,"","","",""
2025-03-26,March 26,Wednesday,12:52 PM,meh,"","","",""
2025-03-26,March 26,Wednesday,9:20 AM,meh,"","","",""
2025-03-25,March 25,Tuesday,7:09 PM,meh,"","","",""
2025-03-25,March 25,Tuesday,1:40 PM,good,"","","",""
2025-03-25,March 25,Tuesday,9:29 AM,meh,"","","",""
2025-03-24,March 24,Monday,7:36 PM,rad,"Mason","","",""
2025-03-24,March 24,Monday,10:43 AM,good,"","","",""
2025-03-23,March 23,Sunday,10:11 PM,rad,"","","",""
2025-03-23,March 23,Sunday,12:38 PM,good,"","","",""
2025-03-23,March 23,Sunday,9:47 AM,good,"","","",""
2025-03-22,March 22,Saturday,7:02 PM,rad,"Mason","","",""
2025-03-22,March 22,Saturday,12:39 PM,rad,"Mason","","",""
2025-03-22,March 22,Saturday,11:45 AM,rad,"Mason","","",""
2025-03-21,March 21,Friday,7:35 PM,rad,"Mason | Bryan","","",""
2025-03-21,March 21,Friday,12:30 PM,rad,"Mason","","",""
2025-03-21,March 21,Friday,9:19 AM,rad,"Mason","","",""
2025-03-20,March 20,Thursday,8:03 PM,rad,"Mason","","",""
2025-03-20,March 20,Thursday,7:00 PM,rad,"Mason","","",""
2025-03-20,March 20,Thursday,12:56 PM,good,"","","",""
2025-03-20,March 20,Thursday,9:23 AM,good,"","","",""
2025-03-19,March 19,Wednesday,7:03 PM,rad,"Mason","","",""
2025-03-19,March 19,Wednesday,12:37 PM,good,"","","",""
2025-03-19,March 19,Wednesday,10:22 AM,good,"","","",""
2025-03-18,March 18,Tuesday,1:21 PM,bad,"","","",""
2025-03-18,March 18,Tuesday,9:55 AM,meh,"","","",""
2025-03-17,March 17,Monday,7:19 PM,meh,"","","",""
2025-03-17,March 17,Monday,3:47 PM,bad,"","","",""
2025-03-17,March 17,Monday,10:26 AM,meh,"","","",""
2025-03-16,March 16,Sunday,5:14 PM,meh,"","","",""
2025-03-16,March 16,Sunday,11:44 AM,good,"","","",""
2025-03-15,March 15,Saturday,7:24 PM,rad,"Mason","","",""
2025-03-15,March 15,Saturday,1:13 PM,good,"","","",""
2025-03-15,March 15,Saturday,10:02 AM,good,"","","",""
2025-03-14,March 14,Friday,7:00 PM,good,"","","",""
2025-03-14,March 14,Friday,9:19 AM,rad,"Mason","","",""
2025-03-13,March 13,Thursday,7:06 PM,good,"","","",""
2025-03-13,March 13,Thursday,2:00 PM,good,"","","",""
2025-03-13,March 13,Thursday,9:31 AM,good,"","","",""
2025-03-12,March 12,Wednesday,7:31 PM,good,"","","",""
2025-03-12,March 12,Wednesday,2:50 PM,rad,"Mason","","",""
2025-03-12,March 12,Wednesday,9:29 AM,good,"","","",""
2025-03-11,March 11,Tuesday,7:00 PM,rad,"Mason","","",""
2025-03-11,March 11,Tuesday,2:54 PM,good,"","","",""
2025-03-11,March 11,Tuesday,9:04 AM,meh,"","","",""
2025-03-10,March 10,Monday,9:18 PM,good,"Bryan","","",""
2025-03-10,March 10,Monday,3:02 PM,good,"","","",""
2025-03-10,March 10,Monday,10:36 AM,meh,"","","",""
2025-03-09,March 9,Sunday,11:19 PM,meh,"","","",""
2025-03-09,March 9,Sunday,9:42 AM,good,"","","",""
2025-03-08,March 8,Saturday,12:30 PM,rad,"Mason","","",""
2025-03-08,March 8,Saturday,9:04 AM,rad,"Mason","","",""
2025-03-07,March 7,Friday,7:07 PM,rad,"Mason","","",""
2025-03-07,March 7,Friday,10:36 AM,rad,"Mason","","",""
2025-03-06,March 6,Thursday,7:00 PM,rad,"Mason","","",""
2025-03-06,March 6,Thursday,12:35 PM,good,"","","",""
2025-03-06,March 6,Thursday,9:30 AM,meh,"","","",""
2025-03-05,March 5,Wednesday,10:21 PM,good,"","","",""
2025-03-05,March 5,Wednesday,12:37 PM,bad,"","","",""
2025-03-05,March 5,Wednesday,9:29 AM,meh,"","","",""
2025-03-04,March 4,Tuesday,9:11 PM,good,"","","",""
2025-03-04,March 4,Tuesday,12:32 PM,good,"Mason","","",""
2025-03-04,March 4,Tuesday,9:02 AM,bad,"","","",""
2025-03-03,March 3,Monday,7:00 PM,bad,"","","",""
2025-03-03,March 3,Monday,1:35 PM,meh,"","","",""
2025-03-03,March 3,Monday,12:15 PM,meh,"","","",""
2025-03-02,March 2,Sunday,11:02 PM,good,"","","",""
2025-03-02,March 2,Sunday,1:00 PM,rad,"Mason","","",""
2025-03-02,March 2,Sunday,8:00 AM,rad,"Mason","","",""
2025-03-01,March 1,Saturday,8:05 PM,rad,"Mason","","",""
2025-03-01,March 1,Saturday,1:16 PM,rad,"","","",""
2025-03-01,March 1,Saturday,9:28 AM,rad,"Mason","","",""
2025-02-28,February 28,Friday,7:13 PM,rad,"Mason","","",""
2025-02-28,February 28,Friday,12:49 PM,good,"","","",""
2025-02-28,February 28,Friday,9:05 AM,meh,"","","",""
2025-02-27,February 27,Thursday,9:17 PM,good,"","","",""
2025-02-27,February 27,Thursday,4:39 PM,meh,"","","",""
2025-02-27,February 27,Thursday,10:18 AM,meh,"","","",""
2025-02-26,February 26,Wednesday,7:03 PM,good,"","","",""
2025-02-26,February 26,Wednesday,3:28 PM,rad,"Mason","","",""
2025-02-26,February 26,Wednesday,9:08 AM,meh,"","","",""
2025-02-25,February 25,Tuesday,8:22 PM,good,"","","",""
2025-02-25,February 25,Tuesday,12:37 PM,good,"","","",""
2025-02-25,February 25,Tuesday,9:11 AM,good,"","","",""
2025-02-24,February 24,Monday,11:57 PM,good,"","","","Finding myself a little irritable towards the end of the day."
2025-02-24,February 24,Monday,12:40 PM,good,"","","",""
2025-02-24,February 24,Monday,10:38 AM,good,"","","",""
2025-02-23,February 23,Sunday,11:04 PM,good,"","","",""
2025-02-23,February 23,Sunday,2:43 PM,rad,"Mason","","",""
2025-02-23,February 23,Sunday,9:25 AM,good,"","","",""
2025-02-22,February 22,Saturday,7:00 PM,rad,"","","",""
2025-02-22,February 22,Saturday,12:47 PM,rad,"Mason","","",""
2025-02-22,February 22,Saturday,9:07 AM,good,"","","",""
2025-02-21,February 21,Friday,7:17 PM,meh,"","","","Feel guilty"
2025-02-21,February 21,Friday,1:26 PM,rad,"Mason","","",""
2025-02-21,February 21,Friday,9:39 AM,good,"","","",""
2025-02-20,February 20,Thursday,7:08 PM,rad,"Mason","","",""
2025-02-20,February 20,Thursday,1:00 PM,meh,"","","",""
2025-02-20,February 20,Thursday,9:05 AM,meh,"","","",""
2025-02-19,February 19,Wednesday,7:18 PM,good,"Mason","","",""
2025-02-19,February 19,Wednesday,12:42 PM,bad,"","","",""
2025-02-19,February 19,Wednesday,9:19 AM,good,"","","",""
2025-02-18,February 18,Tuesday,10:11 PM,bad,"","","",""
2025-02-18,February 18,Tuesday,3:30 PM,good,"","","",""
2025-02-18,February 18,Tuesday,10:27 AM,bad,"bad sleep | Work","","",""
2025-02-17,February 17,Monday,1:14 PM,meh,"","","",""
2025-02-17,February 17,Monday,9:21 AM,rad,"Mason","","",""
2025-02-16,February 16,Sunday,7:01 PM,bad,"","","",""
2025-02-16,February 16,Sunday,4:56 PM,meh,"","","",""
2025-02-16,February 16,Sunday,9:17 AM,good,"","","",""
2025-02-15,February 15,Saturday,7:56 PM,bad,"home","","",""
2025-02-15,February 15,Saturday,1:10 PM,rad,"Mason","","",""
2025-02-15,February 15,Saturday,9:13 AM,rad,"Mason","","",""
2025-02-14,February 14,Friday,7:03 PM,rad,"Mason","","",""
2025-02-14,February 14,Friday,1:56 PM,rad,"Mason","","",""
2025-02-14,February 14,Friday,9:58 AM,good,"","","",""
2025-02-13,February 13,Thursday,7:00 PM,good,"","","",""
2025-02-13,February 13,Thursday,2:10 PM,meh,"","","",""
2025-02-13,February 13,Thursday,10:50 AM,meh,"","","",""
2025-02-12,February 12,Wednesday,7:18 PM,bad,"","","",""
2025-02-12,February 12,Wednesday,12:40 PM,good,"","","",""
2025-02-12,February 12,Wednesday,9:14 AM,meh,"","","",""
2025-02-11,February 11,Tuesday,7:07 PM,rad,"Mason","","",""
2025-02-11,February 11,Tuesday,1:07 PM,meh,"","","",""
2025-02-11,February 11,Tuesday,9:54 AM,meh,"","","",""
2025-02-10,February 10,Monday,7:00 PM,meh,"","","",""
2025-02-10,February 10,Monday,1:11 PM,good,"","","",""
2025-02-10,February 10,Monday,10:32 AM,good,"","","",""
2025-02-09,February 9,Sunday,12:40 PM,rad,"Mason","","",""
2025-02-09,February 9,Sunday,10:02 AM,rad,"Mason","","",""
2025-02-08,February 8,Saturday,8:44 PM,rad,"Mason","","",""
2025-02-08,February 8,Saturday,12:52 PM,rad,"Mason","","",""
2025-02-08,February 8,Saturday,9:44 AM,rad,"Mason","","",""
2025-02-07,February 7,Friday,7:13 PM,rad,"Mason","","",""
2025-02-07,February 7,Friday,12:46 PM,rad,"Mason","","",""
2025-02-07,February 7,Friday,9:18 AM,rad,"Mason","","",""
2025-02-06,February 6,Thursday,11:44 PM,rad,"Mason","","",""
2025-02-06,February 6,Thursday,12:31 PM,good,"","","",""
2025-02-06,February 6,Thursday,9:00 AM,good,"","","",""
2025-02-05,February 5,Wednesday,7:51 PM,good,"Mason","","",""
2025-02-05,February 5,Wednesday,12:57 PM,good,"","","",""
2025-02-05,February 5,Wednesday,10:37 AM,good,"","","",""
2025-02-04,February 4,Tuesday,12:34 PM,bad,"","","",""
2025-02-04,February 4,Tuesday,9:00 AM,awful,"family","","","Mom just told me adamantly that she's not having her knee surgery."
2025-02-03,February 3,Monday,7:00 PM,bad,"","","",""
2025-02-03,February 3,Monday,12:44 PM,meh,"","","",""
2025-02-03,February 3,Monday,9:32 AM,meh,"","","",""
2025-02-02,February 2,Sunday,9:13 PM,meh,"","","",""
2025-02-02,February 2,Sunday,1:06 PM,rad,"family","","",""
2025-02-02,February 2,Sunday,9:08 AM,rad,"Mason","","",""
2025-02-01,February 1,Saturday,7:00 PM,rad,"Mason","","",""
2025-02-01,February 1,Saturday,12:30 PM,rad,"Mason","","",""
2025-02-01,February 1,Saturday,11:38 AM,good,"","","",""
2025-01-31,January 31,Friday,7:43 PM,rad,"Mason","","",""
2025-01-31,January 31,Friday,3:14 PM,meh,"","","",""
2025-01-31,January 31,Friday,9:23 AM,meh,"","","",""
2025-01-30,January 30,Thursday,7:00 PM,good,"","","",""
2025-01-30,January 30,Thursday,12:30 PM,good,"","","",""
2025-01-30,January 30,Thursday,9:06 AM,good,"","","",""
2025-01-29,January 29,Wednesday,7:24 PM,meh,"","","",""
2025-01-29,January 29,Wednesday,12:34 PM,good,"","","",""
2025-01-29,January 29,Wednesday,11:27 AM,good,"","","","I am so tired..."
2025-01-28,January 28,Tuesday,7:00 PM,meh,"","","",""
2025-01-28,January 28,Tuesday,1:46 PM,good,"","","",""
2025-01-28,January 28,Tuesday,9:34 AM,good,"","","",""
2025-01-27,January 27,Monday,8:09 PM,bad,"","","",""
2025-01-27,January 27,Monday,4:11 PM,bad,"","","",""
2025-01-27,January 27,Monday,12:39 PM,meh,"","","",""
2025-01-27,January 27,Monday,9:51 AM,meh,"","","",""
2025-01-26,January 26,Sunday,8:41 PM,rad,"Mason","","",""
2025-01-26,January 26,Sunday,1:15 PM,bad,"","","",""
2025-01-26,January 26,Sunday,8:30 AM,meh,"","","",""
2025-01-25,January 25,Saturday,7:39 PM,meh,"","","",""
2025-01-25,January 25,Saturday,12:38 PM,good,"","","",""
2025-01-25,January 25,Saturday,9:43 AM,rad,"Mason","","",""
2025-01-24,January 24,Friday,10:17 PM,rad,"Mason","","",""
2025-01-24,January 24,Friday,12:45 PM,good,"","","",""
2025-01-24,January 24,Friday,9:00 AM,good,"","","",""
2025-01-23,January 23,Thursday,7:52 PM,rad,"Mason","","",""
2025-01-23,January 23,Thursday,3:44 PM,good,"","","",""
2025-01-22,January 22,Wednesday,7:28 PM,bad,"","","",""
2025-01-22,January 22,Wednesday,12:52 PM,good,"Therapy","","",""
2025-01-22,January 22,Wednesday,10:34 AM,meh,"","","",""
2025-01-21,January 21,Tuesday,7:20 PM,good,"Mason","","",""
2025-01-21,January 21,Tuesday,12:43 PM,meh,"","","",""
2025-01-20,January 20,Monday,8:33 PM,meh,"","","",""
2025-01-20,January 20,Monday,12:30 PM,good,"family","","",""
2025-01-20,January 20,Monday,11:29 AM,meh,"","","",""
2025-01-19,January 19,Sunday,7:26 PM,meh,"","","",""
2025-01-19,January 19,Sunday,1:09 PM,good,"","","",""
2025-01-19,January 19,Sunday,10:31 AM,good,"","","",""
2025-01-18,January 18,Saturday,7:23 PM,rad,"Mason | Bryan","","",""
2025-01-18,January 18,Saturday,12:44 PM,rad,"Mason","","",""
2025-01-18,January 18,Saturday,9:09 AM,rad,"Mason","","",""
2025-01-17,January 17,Friday,8:06 PM,rad,"friends | Mason","","",""
2025-01-17,January 17,Friday,3:34 PM,good,"","","",""
2025-01-17,January 17,Friday,9:38 AM,good,"","","",""
2025-01-16,January 16,Thursday,7:02 PM,good,"","","",""
2025-01-16,January 16,Thursday,1:50 PM,good,"","","",""
2025-01-16,January 16,Thursday,9:09 AM,good,"","","",""
2025-01-15,January 15,Wednesday,7:07 PM,good,"","","",""
2025-01-15,January 15,Wednesday,11:16 AM,good,"","","",""
2025-01-14,January 14,Tuesday,7:08 PM,bad,"","","",""
2025-01-14,January 14,Tuesday,1:48 PM,bad,"","","",""
2025-01-13,January 13,Monday,7:17 PM,good,"Mason","","",""
2025-01-13,January 13,Monday,12:37 PM,awful,"Work","","",""
2025-01-13,January 13,Monday,10:35 AM,meh,"","","",""
2025-01-12,January 12,Sunday,8:55 PM,bad,"","","",""
2025-01-12,January 12,Sunday,4:14 PM,bad,"","","",""
2025-01-12,January 12,Sunday,9:33 AM,bad,"","","",""
2025-01-11,January 11,Saturday,7:00 PM,meh,"","","",""
2025-01-11,January 11,Saturday,12:32 PM,rad,"Mason","","",""
2025-01-11,January 11,Saturday,9:16 AM,rad,"Mason","","",""
2025-01-10,January 10,Friday,8:45 PM,rad,"Mason","","",""
2025-01-10,January 10,Friday,12:32 PM,rad,"Mason","","",""
2025-01-10,January 10,Friday,10:28 AM,rad,"Mason","","",""
2025-01-09,January 9,Thursday,9:09 PM,rad,"Mason","","",""
2025-01-09,January 9,Thursday,1:38 PM,good,"","","",""
2025-01-09,January 9,Thursday,9:05 AM,good,"","","",""
2025-01-08,January 8,Wednesday,7:18 PM,rad,"Mason","","",""
2025-01-08,January 8,Wednesday,2:34 PM,meh,"","","",""
2025-01-07,January 7,Tuesday,7:25 PM,bad,"","","",""
2025-01-07,January 7,Tuesday,12:47 PM,bad,"","","",""
2025-01-07,January 7,Tuesday,9:07 AM,bad,"","","",""
2025-01-06,January 6,Monday,7:00 PM,good,"","","",""
2025-01-06,January 6,Monday,1:38 PM,bad,"","","","Siiiiiick"
2025-01-06,January 6,Monday,10:45 AM,bad,"","","",""
2025-01-05,January 5,Sunday,7:51 PM,bad,"","","",""
2025-01-05,January 5,Sunday,12:39 PM,good,"","","",""
2025-01-05,January 5,Sunday,10:00 AM,good,"","","",""
2025-01-04,January 4,Saturday,7:30 PM,rad,"Mason","","",""
2025-01-04,January 4,Saturday,3:10 PM,rad,"Mason","","",""
2025-01-04,January 4,Saturday,9:05 AM,rad,"Mason","","",""
2025-01-03,January 3,Friday,11:10 PM,rad,"Mason","","",""
2025-01-03,January 3,Friday,5:10 PM,rad,"Mason","","",""
2025-01-03,January 3,Friday,12:55 PM,bad,"","","",""
2025-01-02,January 2,Thursday,7:41 PM,good,"","","",""
2025-01-02,January 2,Thursday,2:58 PM,good,"","","",""
2025-01-02,January 2,Thursday,9:20 AM,good,"","","",""
2025-01-01,January 1,Wednesday,7:20 PM,rad,"family | Mason","","",""
2025-01-01,January 1,Wednesday,2:35 PM,meh,"","","",""
2025-01-01,January 1,Wednesday,9:09 AM,good,"","","",""
2024-12-31,December 31,Tuesday,9:50 PM,rad,"family | Mason","","",""
2024-12-31,December 31,Tuesday,6:34 PM,bad,"","","",""
2024-12-31,December 31,Tuesday,1:00 PM,good,"","","",""
2024-12-30,December 30,Monday,7:27 PM,rad,"Mason","","",""
2024-12-30,December 30,Monday,2:45 PM,good,"","","",""
2024-12-29,December 29,Sunday,7:00 PM,good,"family","","",""
2024-12-29,December 29,Sunday,2:25 PM,bad,"","","",""
2024-12-29,December 29,Sunday,9:52 AM,bad,"","","",""
2024-12-28,December 28,Saturday,7:21 PM,awful,"","","",""
2024-12-28,December 28,Saturday,4:36 PM,awful,"","","",""
2024-12-28,December 28,Saturday,10:44 AM,meh,"","","",""
2024-12-27,December 27,Friday,7:38 PM,meh,"","","",""
2024-12-27,December 27,Friday,2:42 PM,bad,"","","",""
2024-12-27,December 27,Friday,1:31 PM,meh,"","","",""
2024-12-26,December 26,Thursday,7:55 PM,good,"Mason","","","Talked to Mason on the phone and feel better"
2024-12-26,December 26,Thursday,12:51 PM,meh,"","","",""
2024-12-26,December 26,Thursday,10:05 AM,good,"","","",""
2024-12-25,December 25,Wednesday,8:19 PM,rad,"Music ","","",""
2024-12-25,December 25,Wednesday,1:00 PM,rad,"family","","",""
2024-12-24,December 24,Tuesday,7:31 PM,rad,"Mason","","",""
2024-12-24,December 24,Tuesday,3:23 PM,rad,"Mason","","",""
2024-12-24,December 24,Tuesday,9:32 AM,good,"","","",""
2024-12-23,December 23,Monday,7:45 PM,good,"","","",""
2024-12-23,December 23,Monday,1:42 PM,good,"","","",""
2024-12-23,December 23,Monday,11:44 AM,meh,"","","",""
2024-12-22,December 22,Sunday,8:23 PM,good,"","","",""
2024-12-22,December 22,Sunday,9:45 AM,good,"","","",""
2024-12-21,December 21,Saturday,7:19 PM,good,"","","",""
2024-12-21,December 21,Saturday,2:29 PM,good,"","","",""
2024-12-21,December 21,Saturday,10:05 AM,rad,"Mason","","",""
2024-12-20,December 20,Friday,10:20 PM,rad,"Mason","","",""
2024-12-20,December 20,Friday,12:42 PM,good,"","","",""
2024-12-20,December 20,Friday,9:22 AM,good,"Mason","","",""
2024-12-19,December 19,Thursday,7:25 PM,good,"Mason","","",""
2024-12-19,December 19,Thursday,12:04 PM,bad,"","","",""
2024-12-19,December 19,Thursday,9:08 AM,meh,"","","",""
2024-12-18,December 18,Wednesday,7:00 PM,good,"","","",""
2024-12-18,December 18,Wednesday,5:48 PM,good,"Mason","","",""
2024-12-18,December 18,Wednesday,10:52 AM,meh,"","","",""
2024-12-17,December 17,Tuesday,7:00 PM,good,"Mason","","",""
2024-12-17,December 17,Tuesday,2:42 PM,awful,"","","",""
2024-12-17,December 17,Tuesday,1:39 PM,meh,"","","",""
2024-12-17,December 17,Tuesday,10:54 AM,bad,"","","",""
2024-12-17,December 17,Tuesday,1:51 AM,awful,"","","",""
2024-12-16,December 16,Monday,9:57 PM,bad,"","","",""
2024-12-16,December 16,Monday,11:51 AM,bad,"","","",""
2024-12-16,December 16,Monday,9:52 AM,good,"","","",""
2024-12-15,December 15,Sunday,7:41 PM,meh,"","","",""
2024-12-15,December 15,Sunday,2:18 PM,meh,"","","",""
2024-12-14,December 14,Saturday,10:18 PM,rad,"Mason","","",""
2024-12-14,December 14,Saturday,12:58 PM,rad,"friends | Mason","","",""
2024-12-14,December 14,Saturday,9:19 AM,rad,"friends | Mason","","",""
2024-12-13,December 13,Friday,7:02 PM,rad,"Mason","","",""
2024-12-13,December 13,Friday,12:58 PM,rad,"","","",""
2024-12-13,December 13,Friday,10:38 AM,rad,"","","",""
2024-12-12,December 12,Thursday,7:00 PM,good,"","","",""
2024-12-12,December 12,Thursday,1:22 PM,awful,"","","",""
2024-12-12,December 12,Thursday,9:06 AM,meh,"","","",""
2024-12-11,December 11,Wednesday,11:58 PM,good,"","","",""
2024-12-11,December 11,Wednesday,2:46 PM,bad,"","","",""
2024-12-11,December 11,Wednesday,10:39 AM,meh,"","","",""
2024-12-10,December 10,Tuesday,9:31 PM,rad,"Mason","","",""
2024-12-10,December 10,Tuesday,2:32 PM,meh,"","","",""
2024-12-10,December 10,Tuesday,9:32 AM,good,"","","",""
2024-12-09,December 9,Monday,10:33 PM,good,"","","",""
2024-12-09,December 9,Monday,12:52 PM,good,"","","",""
2024-12-09,December 9,Monday,9:17 AM,good,"","","",""
2024-12-08,December 8,Sunday,7:01 PM,rad,"","","",""
2024-12-08,December 8,Sunday,4:42 PM,rad,"","","",""
2024-12-08,December 8,Sunday,9:00 AM,rad,"","","",""
2024-12-07,December 7,Saturday,7:16 PM,rad,"Mason","","","I think I'm getting sick AGAIN. I have a low grade fever and a cough, and have had diarrhea and nausea for the last several days after finishing an antibiotic for my sinus infection. Mason and I were going to go to the botanical garden to see the Xmas lights but I started feeling very crappy very suddenly. 😡"
2024-12-07,December 7,Saturday,12:45 PM,rad,"Mason","","",""
2024-12-06,December 6,Friday,7:07 PM,rad,"Bryan","","",""
2024-12-06,December 6,Friday,12:52 PM,rad,"","","",""
2024-12-06,December 6,Friday,9:21 AM,good,"","","",""
2024-12-05,December 5,Thursday,7:46 PM,rad,"Mason","","",""
2024-12-05,December 5,Thursday,12:43 PM,meh,"","","",""
2024-12-05,December 5,Thursday,11:30 AM,good,"","","",""
2024-12-04,December 4,Wednesday,7:51 PM,meh,"","","",""
2024-12-04,December 4,Wednesday,12:37 PM,good,"","","",""
2024-12-04,December 4,Wednesday,10:38 AM,good,"","","",""
2024-12-03,December 3,Tuesday,9:28 PM,meh,"","","",""
2024-12-03,December 3,Tuesday,1:47 PM,good,"","","",""
2024-12-03,December 3,Tuesday,12:00 PM,bad,"","","",""
2024-12-03,December 3,Tuesday,9:07 AM,good,"","","",""
2024-12-02,December 2,Monday,7:50 PM,good,"","","",""
2024-12-02,December 2,Monday,12:50 PM,good,"","","",""
2024-12-02,December 2,Monday,9:00 AM,good,"","","",""
2024-12-01,December 1,Sunday,9:09 PM,good,"","","",""
2024-12-01,December 1,Sunday,12:46 PM,rad,"Mason","","",""
2024-11-30,November 30,Saturday,7:37 PM,good,"","","",""
2024-11-30,November 30,Saturday,12:46 PM,good,"","","",""
2024-11-30,November 30,Saturday,9:38 AM,rad,"Mason","","",""
2024-11-29,November 29,Friday,7:02 PM,rad,"friends | Mason","","",""
2024-11-29,November 29,Friday,2:35 PM,rad,"Mason","","",""
2024-11-29,November 29,Friday,9:40 AM,good,"","","",""
2024-11-28,November 28,Thursday,7:04 PM,good,"","","",""
2024-11-28,November 28,Thursday,1:54 PM,good,"family","","",""
2024-11-28,November 28,Thursday,10:50 AM,good,"","","",""
2024-11-27,November 27,Wednesday,1:10 PM,good,"","","",""
2024-11-27,November 27,Wednesday,10:29 AM,good,"","","",""
2024-11-26,November 26,Tuesday,7:11 PM,rad,"Mason","","",""
2024-11-26,November 26,Tuesday,12:30 PM,rad,"","","",""
2024-11-26,November 26,Tuesday,11:33 AM,good,"","","",""
2024-11-25,November 25,Monday,9:10 PM,good,"","","",""
2024-11-25,November 25,Monday,12:45 PM,good,"","","",""
2024-11-25,November 25,Monday,9:23 AM,good,"","","",""
2024-11-24,November 24,Sunday,7:20 PM,meh,"","","",""
2024-11-24,November 24,Sunday,12:53 PM,meh,"","","",""
2024-11-24,November 24,Sunday,11:09 AM,good,"","","",""
2024-11-23,November 23,Saturday,8:23 PM,good,"","","",""
2024-11-23,November 23,Saturday,5:41 PM,good,"","","",""
2024-11-23,November 23,Saturday,12:30 PM,rad,"Mason","","",""
2024-11-23,November 23,Saturday,9:04 AM,rad,"Mason","","",""
2024-11-22,November 22,Friday,7:36 PM,rad,"Mason","","",""
2024-11-22,November 22,Friday,12:34 PM,rad,"Mason","","",""
2024-11-22,November 22,Friday,9:00 AM,rad,"Mason","","",""
2024-11-21,November 21,Thursday,7:09 PM,rad,"Mason","","",""
2024-11-21,November 21,Thursday,12:40 PM,good,"","","","Feeling sick"
2024-11-21,November 21,Thursday,9:00 AM,meh,"","","",""
2024-11-20,November 20,Wednesday,7:39 PM,meh,"","","",""
2024-11-20,November 20,Wednesday,1:14 PM,good,"","","",""
2024-11-20,November 20,Wednesday,10:09 AM,good,"","","",""
2024-11-19,November 19,Tuesday,7:55 PM,rad,"Mason","","",""
2024-11-19,November 19,Tuesday,4:30 PM,meh,"","","",""
2024-11-19,November 19,Tuesday,9:39 AM,good,"","","",""
2024-11-18,November 18,Monday,8:48 PM,good,"","","","Just narrowly missed hitting a truck this evening. I blew out a tire which is thankfully the only thing that was damaged. It could've been much worse."
2024-11-18,November 18,Monday,12:30 PM,good,"","","",""
2024-11-18,November 18,Monday,9:14 AM,good,"","","",""
2024-11-17,November 17,Sunday,7:00 PM,rad,"","","",""
2024-11-17,November 17,Sunday,12:39 PM,rad,"Mason","","",""
2024-11-17,November 17,Sunday,9:00 AM,rad,"","","",""
2024-11-16,November 16,Saturday,7:07 PM,rad,"Mason","","",""
2024-11-16,November 16,Saturday,5:14 PM,rad,"Mason","","",""
2024-11-16,November 16,Saturday,8:46 AM,rad,"friends | Mason","","",""
2024-11-15,November 15,Friday,8:04 PM,rad,"friends | Mason","","",""
2024-11-15,November 15,Friday,1:39 PM,rad,"friends | Mason","","",""
2024-11-15,November 15,Friday,9:02 AM,rad,"friends | Mason","","",""
2024-11-14,November 14,Thursday,1:45 PM,rad,"Mason","","",""
2024-11-14,November 14,Thursday,9:43 AM,rad,"friends | Mason","","",""
2024-11-13,November 13,Wednesday,7:19 PM,rad,"friends | Mason","","",""
2024-11-13,November 13,Wednesday,12:44 PM,rad,"friends | Mason","","",""
2024-11-13,November 13,Wednesday,9:02 AM,good,"","","",""
2024-11-12,November 12,Tuesday,7:35 PM,rad,"friends | Mason","","",""
2024-11-12,November 12,Tuesday,3:24 PM,rad,"friends | Mason","","",""
2024-11-12,November 12,Tuesday,9:02 AM,rad,"friends | Mason","","",""
2024-11-11,November 11,Monday,7:16 PM,rad,"Mason","","",""
2024-11-11,November 11,Monday,12:53 PM,rad,"friends | Mason","","","Mexico bound!"
2024-11-11,November 11,Monday,9:25 AM,rad,"","","",""
2024-11-10,November 10,Sunday,10:56 PM,rad,"friends | Mason","","",""
2024-11-10,November 10,Sunday,2:04 PM,rad,"Mason","","",""
2024-11-10,November 10,Sunday,10:32 AM,rad,"Mason","","",""
2024-11-09,November 9,Saturday,7:34 PM,rad,"Mason","","",""
2024-11-09,November 9,Saturday,12:30 PM,good,"","","",""
2024-11-09,November 9,Saturday,9:12 AM,good,"","","",""
2024-11-08,November 8,Friday,7:14 PM,good,"","","",""
2024-11-08,November 8,Friday,12:50 PM,good,"","","",""
2024-11-08,November 8,Friday,10:40 AM,good,"","","",""
2024-11-07,November 7,Thursday,7:52 PM,meh,"","","",""
2024-11-07,November 7,Thursday,12:58 PM,good,"","","",""
2024-11-07,November 7,Thursday,9:36 AM,meh,"","","",""
2024-11-06,November 6,Wednesday,8:50 PM,bad,"","","","Mom is sick"
2024-11-06,November 6,Wednesday,12:41 PM,good,"","","",""
2024-11-06,November 6,Wednesday,9:22 AM,bad,"","","","Election"
2024-11-05,November 5,Tuesday,9:36 PM,good,"Mason | gaming","","",""
2024-11-05,November 5,Tuesday,6:42 PM,bad,"","","",""
2024-11-05,November 5,Tuesday,11:07 AM,good,"","","","Going back on nicotine patches today. So far so good."
2024-11-04,November 4,Monday,9:44 PM,good,"","","",""
2024-11-04,November 4,Monday,1:06 PM,good,"","","",""
2024-11-04,November 4,Monday,11:16 AM,meh,"Work","","",""
2024-11-03,November 3,Sunday,7:00 PM,meh,"","","",""
2024-11-03,November 3,Sunday,2:08 PM,good,"","","",""
2024-11-03,November 3,Sunday,10:08 AM,rad,"Mason","","",""
2024-11-02,November 2,Saturday,7:08 PM,rad,"friends | Mason | Bryan","","",""
2024-11-02,November 2,Saturday,12:37 PM,rad,"Mason","","",""
2024-11-02,November 2,Saturday,9:03 AM,rad,"Mason","","",""
2024-11-01,November 1,Friday,8:21 PM,rad,"Mason","","",""
2024-11-01,November 1,Friday,1:02 PM,good,"friends","","",""
2024-10-31,October 31,Thursday,7:10 PM,meh,"","","",""
2024-10-31,October 31,Thursday,1:13 PM,good,"","","",""
2024-10-31,October 31,Thursday,10:03 AM,good,"","","",""
2024-10-30,October 30,Wednesday,9:20 PM,good,"","","",""
2024-10-30,October 30,Wednesday,12:30 PM,good,"","","",""
2024-10-30,October 30,Wednesday,9:16 AM,good,"","","",""
2024-10-29,October 29,Tuesday,6:47 PM,rad,"Mason","","",""
2024-10-29,October 29,Tuesday,10:12 AM,good,"","","",""
2024-10-28,October 28,Monday,8:52 PM,good,"","","",""
2024-10-28,October 28,Monday,12:30 PM,good,"","","",""
2024-10-28,October 28,Monday,9:55 AM,good,"","","",""
2024-10-27,October 27,Sunday,7:08 PM,rad,"friends | Mason","","",""
2024-10-27,October 27,Sunday,1:08 PM,good,"","","",""
2024-10-27,October 27,Sunday,10:14 AM,meh,"","","",""
2024-10-26,October 26,Saturday,7:30 PM,rad,"","","",""
2024-10-26,October 26,Saturday,2:03 PM,rad,"Mason","","",""
2024-10-25,October 25,Friday,7:18 PM,rad,"Mason","","",""
2024-10-25,October 25,Friday,1:38 PM,good,"","","",""
2024-10-25,October 25,Friday,9:00 AM,good,"","","",""
2024-10-24,October 24,Thursday,7:06 PM,good,"","","",""
2024-10-24,October 24,Thursday,12:49 PM,good,"","","",""
2024-10-24,October 24,Thursday,10:00 AM,good,"","","",""
2024-10-23,October 23,Wednesday,7:04 PM,good,"","","",""
2024-10-23,October 23,Wednesday,2:32 PM,good,"","","",""
2024-10-23,October 23,Wednesday,10:46 AM,good,"","","",""
2024-10-22,October 22,Tuesday,7:15 PM,meh,"","","",""
2024-10-22,October 22,Tuesday,12:29 PM,meh,"","","",""
2024-10-22,October 22,Tuesday,9:00 AM,good,"","","",""
2024-10-21,October 21,Monday,7:02 PM,rad,"Mason","","",""
2024-10-21,October 21,Monday,1:04 PM,meh,"","","",""
2024-10-21,October 21,Monday,10:19 AM,meh,"","","",""
2024-10-20,October 20,Sunday,7:43 PM,meh,"","","",""
2024-10-20,October 20,Sunday,1:28 PM,rad,"","","",""
2024-10-20,October 20,Sunday,9:05 AM,rad,"Mason","","",""
2024-10-19,October 19,Saturday,8:22 PM,rad,"Mason","","",""
2024-10-19,October 19,Saturday,1:23 PM,rad,"","","",""
2024-10-18,October 18,Friday,7:31 PM,meh,"","","",""
2024-10-18,October 18,Friday,12:47 PM,good,"","","",""
2024-10-17,October 17,Thursday,7:59 PM,good,"Bryan","","",""
2024-10-17,October 17,Thursday,12:45 PM,good,"","","",""
2024-10-17,October 17,Thursday,9:02 AM,good,"Mason","","",""
2024-10-16,October 16,Wednesday,7:30 PM,rad,"Mason","","",""
2024-10-16,October 16,Wednesday,12:35 PM,good,"","","",""
2024-10-16,October 16,Wednesday,9:13 AM,good,"","","",""
2024-10-15,October 15,Tuesday,7:16 PM,bad,"","","",""
2024-10-15,October 15,Tuesday,12:54 PM,meh,"","","",""
2024-10-15,October 15,Tuesday,9:13 AM,good,"","","",""
2024-10-14,October 14,Monday,7:04 PM,meh,"","","",""
2024-10-14,October 14,Monday,1:53 PM,good,"","","",""
2024-10-14,October 14,Monday,9:18 AM,good,"","","",""
2024-10-13,October 13,Sunday,7:00 PM,rad,"Mason | gaming","","",""
2024-10-13,October 13,Sunday,1:13 PM,meh,"","","",""
2024-10-13,October 13,Sunday,11:23 AM,meh,"","","",""
2024-10-12,October 12,Saturday,7:41 PM,rad,"friends | Mason","","",""
2024-10-12,October 12,Saturday,9:42 AM,rad,"Mason","","",""
2024-10-11,October 11,Friday,8:05 PM,rad,"Mason | date","","",""
2024-10-11,October 11,Friday,1:54 PM,good,"","","","Mydayis is... Okay... I'm okay at focusing, but still crap at maintaining and initiating tasks that aren't inherently interesting to me. I'm thinking about asking to retry Dexedrine or try Vyvanse with a Dexedrine booster."
2024-10-11,October 11,Friday,9:55 AM,rad,"","","","Starting Mydayis 50 mg today. Took at 5 AM."
2024-10-10,October 10,Thursday,7:05 PM,good,"","","",""
2024-10-10,October 10,Thursday,12:50 PM,good,"","","",""
2024-10-10,October 10,Thursday,10:02 AM,good,"","","",""
2024-10-09,October 9,Wednesday,12:44 PM,good,"","","",""
2024-10-09,October 9,Wednesday,9:02 AM,good,"","","",""
2024-10-08,October 8,Tuesday,2:44 PM,meh,"","","","I'm out of my stimulant and had to take Mom's Metadate. Even 60 mg doesn't do anything for me. I would've taken more but I didn't want to take too much of her medicine. She switched me to Mydayis today, 50 mg, but it needs a PA. I'm tired of my insurance requiring PAs for everything. I hopefully will have it by the end of the week but I don't know what I'm going to do in the meantime."
2024-10-08,October 8,Tuesday,9:26 AM,good,"","","",""
2024-10-07,October 7,Monday,1:27 PM,rad,"Mason","","",""
2024-10-07,October 7,Monday,9:00 AM,rad,"","","",""
2024-10-06,October 6,Sunday,7:09 PM,rad,"Mason","","",""
2024-10-06,October 6,Sunday,12:35 PM,good,"","","",""
2024-10-06,October 6,Sunday,10:18 AM,good,"","","",""
2024-10-05,October 5,Saturday,7:33 PM,rad,"Mason","","",""
2024-10-05,October 5,Saturday,12:30 PM,rad,"friends | Mason","","",""
2024-10-05,October 5,Saturday,9:24 AM,rad,"Mason","","",""
2024-10-04,October 4,Friday,8:50 PM,rad,"Mason","","",""
2024-10-04,October 4,Friday,10:15 AM,good,"","","",""
2024-10-03,October 3,Thursday,7:29 PM,good,"","","",""
2024-10-03,October 3,Thursday,2:48 PM,good,"","","","I took an extra Dyanavel tablet today and have felt much better. I suspect that getting my simulant dose straightened away will help my depression and motivation a lot."
2024-10-03,October 3,Thursday,10:43 AM,good,"","","",""
2024-10-02,October 2,Wednesday,7:00 PM,meh,"","","",""
2024-10-02,October 2,Wednesday,12:31 PM,meh,"","","","I had to leave work early. I was struggling so hard to pay attention and stay on task. I am trying to ration my simulant and see if maybe my mood dips are from being on too high of a dose. I feel a little better mood wise today but man I was having such a hard time staying on task and having endurance of motivation. I'm lying in bed now just resting."
2024-10-02,October 2,Wednesday,9:06 AM,good,"","","","I'm having a very hard time getting out of bed and staying awake during the day. I suspect it's the Viibryd. I went up to 20 mg yesterday. Today is my second day of 20 mg. I felt a bit better mood wise this morning than yesterday. I didn't make it to work yesterday. I hope the Viibryd works and that this side effect goes away. I visited with Mason last night and I felt a lot better when I got home after visiting. He really lifts my heart. 💜"
2024-10-01,October 1,Tuesday,7:06 PM,rad,"Mason","","",""
2024-10-01,October 1,Tuesday,1:33 PM,bad,"","","",""
2024-10-01,October 1,Tuesday,9:00 AM,bad,"","","",""
2024-09-30,September 30,Monday,7:00 PM,bad,"","","",""
2024-09-30,September 30,Monday,12:56 PM,good,"","","",""
2024-09-29,September 29,Sunday,7:42 PM,rad,"Mason","","",""
2024-09-29,September 29,Sunday,12:35 PM,good,"","","",""
2024-09-29,September 29,Sunday,9:16 AM,good,"","","",""
2024-09-28,September 28,Saturday,8:47 PM,good,"","","",""
2024-09-28,September 28,Saturday,2:08 PM,rad,"Mason","","",""
2024-09-28,September 28,Saturday,10:04 AM,rad,"Mason","","",""
2024-09-27,September 27,Friday,7:29 PM,rad,"Mason","","",""
2024-09-27,September 27,Friday,12:30 PM,bad,"","","",""
2024-09-27,September 27,Friday,12:30 PM,meh,"","","",""
2024-09-26,September 26,Thursday,11:30 PM,good,"family | Mason","","","Mason is a very bright source of light in my life, which is, at the moment, a dark place. I am so grateful for him and love him so much. I really hope that by externalizing this that it doesn't ruin anything, but... I hope... I want us... I want us to be together... I hope..."
2024-09-26,September 26,Thursday,7:13 PM,good,"friends | Mason","","",""
2024-09-26,September 26,Thursday,12:55 PM,meh,"","","",""
2024-09-25,September 25,Wednesday,8:00 PM,rad,"Mason","","",""
2024-09-25,September 25,Wednesday,12:42 PM,bad,"","","",""
2024-09-24,September 24,Tuesday,7:01 PM,bad,"","","",""
2024-09-24,September 24,Tuesday,12:22 PM,meh,"","","",""
2024-09-23,September 23,Monday,7:44 PM,good,"Mason","","",""
2024-09-23,September 23,Monday,2:56 PM,meh,"","","",""
2024-09-23,September 23,Monday,9:51 AM,meh,"","","",""
2024-09-22,September 22,Sunday,7:36 PM,good,"friends","","",""
2024-09-22,September 22,Sunday,3:08 PM,rad,"Mason","","",""
2024-09-22,September 22,Sunday,9:59 AM,rad,"Mason","","",""
2024-09-21,September 21,Saturday,7:03 PM,meh,"","","",""
2024-09-21,September 21,Saturday,9:00 AM,rad,"friends | Mason","","",""
2024-09-20,September 20,Friday,7:11 PM,rad,"friends | Mason","","",""
2024-09-20,September 20,Friday,12:34 PM,good,"","","",""
2024-09-20,September 20,Friday,10:29 AM,meh,"","","",""
2024-09-19,September 19,Thursday,7:37 PM,good,"family","","",""
2024-09-19,September 19,Thursday,1:31 PM,meh,"","","",""
2024-09-19,September 19,Thursday,9:08 AM,bad,"Work","","",""
2024-09-18,September 18,Wednesday,7:54 PM,good,"friends | Bryan","","",""
2024-09-18,September 18,Wednesday,1:17 PM,awful,"","","","Cytisine is making me feel like dog shit."
2024-09-18,September 18,Wednesday,12:08 PM,bad,"Work","","",""
2024-09-17,September 17,Tuesday,7:00 PM,rad,"Mason","","","Mason helped me with the flower bed and afterwards we watched TV. He helped me set up Stremio on my Firestick. I just need to remember how to do that for Mom's TV now... Lol"
2024-09-17,September 17,Tuesday,12:33 PM,good,"","","",""
2024-09-17,September 17,Tuesday,9:47 AM,good,"","","",""
2024-09-16,September 16,Monday,7:33 PM,meh,"","","",""
2024-09-16,September 16,Monday,12:38 PM,meh,"","","",""
2024-09-16,September 16,Monday,10:08 AM,good,"","","",""
2024-09-15,September 15,Sunday,10:41 PM,good,"","","",""
2024-09-15,September 15,Sunday,12:34 PM,rad,"friends | Mason","","",""
2024-09-15,September 15,Sunday,9:41 AM,rad,"Mason","","",""
2024-09-14,September 14,Saturday,8:07 PM,rad,"Mason","","",""
2024-09-14,September 14,Saturday,2:59 PM,rad,"Mason","","",""
2024-09-13,September 13,Friday,7:10 PM,rad,"","","",""
2024-09-13,September 13,Friday,6:41 PM,rad,"Mason","","",""
2024-09-13,September 13,Friday,11:51 AM,rad,"","","",""
2024-09-12,September 12,Thursday,7:33 PM,good,"","","",""
2024-09-12,September 12,Thursday,12:47 PM,good,"","","",""
2024-09-12,September 12,Thursday,9:28 AM,rad,"Work","","",""
2024-09-11,September 11,Wednesday,8:17 PM,rad,"friends | Mason","","",""
2024-09-11,September 11,Wednesday,12:30 PM,good,"","","",""
2024-09-11,September 11,Wednesday,11:24 AM,good,"","","",""
2024-09-10,September 10,Tuesday,7:00 PM,bad,"","","",""
2024-09-10,September 10,Tuesday,12:50 PM,meh,"","","",""
2024-09-10,September 10,Tuesday,9:08 AM,meh,"","","",""
2024-09-09,September 9,Monday,7:07 PM,good,"","","",""
2024-09-09,September 9,Monday,12:30 PM,good,"","","",""
2024-09-09,September 9,Monday,9:06 AM,good,"","","",""
2024-09-08,September 8,Sunday,7:01 PM,meh,"","","",""
2024-09-08,September 8,Sunday,1:08 PM,meh,"","","",""
2024-09-08,September 8,Sunday,8:30 AM,good,"","","",""
2024-09-07,September 7,Saturday,7:06 PM,rad,"friends | Mason","","",""
2024-09-07,September 7,Saturday,12:53 PM,rad,"family | Mason","","",""
2024-09-07,September 7,Saturday,9:25 AM,rad,"Mason","","",""
2024-09-06,September 6,Friday,7:11 PM,rad,"Mason","","",""
2024-09-06,September 6,Friday,1:03 PM,rad,"Mason | Ketamine infusion","","",""
2024-09-06,September 6,Friday,12:26 PM,rad,"Mason","","",""
2024-09-05,September 5,Thursday,7:30 PM,rad,"Mason","","",""
2024-09-05,September 5,Thursday,2:44 PM,meh,"","","",""
2024-09-05,September 5,Thursday,9:04 AM,meh,"Work","","","Forgot my meds this morning. Had to come home to take them and rest before heading back out to work."
2024-09-04,September 4,Wednesday,7:17 PM,good,"Mason","","",""
2024-09-04,September 4,Wednesday,2:07 PM,meh,"Work","","",""
2024-09-03,September 3,Tuesday,10:11 PM,good,"","","",""
2024-09-03,September 3,Tuesday,2:17 PM,meh,"Work","","","Very stressed about all the things balancing on my shoulders, including Mom's condition. I took this responsibility on, but I feel a little shaky and frail."
2024-09-03,September 3,Tuesday,9:50 AM,good,"","","",""
2024-09-02,September 2,Monday,7:11 PM,rad,"Mason","","",""
2024-09-02,September 2,Monday,1:28 PM,meh,"","","",""
2024-09-02,September 2,Monday,9:00 AM,good,"","","",""
2024-09-01,September 1,Sunday,8:07 PM,rad,"Mason","","",""
2024-09-01,September 1,Sunday,12:34 PM,meh,"","","",""
2024-09-01,September 1,Sunday,9:08 AM,good,"","","",""
2024-08-31,August 31,Saturday,10:39 AM,meh,"","","",""
2024-08-30,August 30,Friday,8:09 PM,meh,"","","",""
2024-08-30,August 30,Friday,1:39 PM,good,"","","",""
2024-08-30,August 30,Friday,11:27 AM,good,"","","",""
2024-08-29,August 29,Thursday,8:37 PM,rad,"","","",""
2024-08-29,August 29,Thursday,12:56 PM,good,"","","",""
2024-08-28,August 28,Wednesday,7:39 PM,rad,"Mason","","",""
2024-08-28,August 28,Wednesday,4:43 PM,meh,"","","",""
2024-08-28,August 28,Wednesday,9:25 AM,meh,"","","",""
2024-08-27,August 27,Tuesday,8:35 PM,bad,"","","",""
2024-08-27,August 27,Tuesday,2:43 PM,meh,"","","",""
2024-08-27,August 27,Tuesday,9:07 AM,good,"","","",""
2024-08-26,August 26,Monday,8:35 PM,good,"friends | Mason","","",""
2024-08-26,August 26,Monday,3:00 PM,bad,"","","",""
2024-08-25,August 25,Sunday,8:12 PM,meh,"","","",""
2024-08-25,August 25,Sunday,12:33 PM,bad,"","","",""
2024-08-24,August 24,Saturday,9:47 PM,meh,"","","",""
2024-08-24,August 24,Saturday,3:21 PM,bad,"","","",""
2024-08-24,August 24,Saturday,1:18 PM,good,"","","",""
2024-08-24,August 24,Saturday,9:55 AM,rad,"Mason","","",""
2024-08-23,August 23,Friday,7:06 PM,good,"Mason | Bryan","","",""
2024-08-23,August 23,Friday,1:13 PM,rad,"friends","","",""
2024-08-23,August 23,Friday,9:01 AM,bad,"","","",""
2024-08-22,August 22,Thursday,11:35 AM,good,"","","",""
2024-08-21,August 21,Wednesday,7:19 PM,bad,"","","",""
2024-08-21,August 21,Wednesday,2:12 PM,good,"","","",""
2024-08-21,August 21,Wednesday,11:14 AM,good,"","","",""
2024-08-20,August 20,Tuesday,7:19 PM,rad,"Mason | Gym","","",""
2024-08-20,August 20,Tuesday,4:12 PM,good,"","","",""
2024-08-19,August 19,Monday,8:09 PM,bad,"","","",""
2024-08-19,August 19,Monday,1:28 PM,bad,"","","",""
2024-08-19,August 19,Monday,11:52 AM,meh,"","","",""
2024-08-18,August 18,Sunday,10:47 PM,good,"","","",""
2024-08-18,August 18,Sunday,2:11 PM,rad,"","","",""
2024-08-18,August 18,Sunday,10:26 AM,rad,"Mason","","",""
2024-08-17,August 17,Saturday,7:19 PM,good,"Mason","","",""
2024-08-17,August 17,Saturday,2:57 PM,good,"","","",""
2024-08-17,August 17,Saturday,10:41 AM,good,"","","",""
2024-08-16,August 16,Friday,6:03 PM,rad,"Mason | Bryan","","",""
2024-08-16,August 16,Friday,9:58 AM,good,"Therapy","","",""
2024-08-15,August 15,Thursday,11:34 PM,good,"","","",""
2024-08-15,August 15,Thursday,12:50 PM,good,"","","",""
2024-08-15,August 15,Thursday,9:01 AM,good,"","","",""
2024-08-14,August 14,Wednesday,2:30 PM,meh,"","","",""
2024-08-14,August 14,Wednesday,10:01 AM,meh,"","","",""
2024-08-13,August 13,Tuesday,7:05 PM,rad,"","","",""
2024-08-13,August 13,Tuesday,9:10 AM,bad,"","","",""
2024-08-12,August 12,Monday,7:16 PM,meh,"","","",""
2024-08-12,August 12,Monday,2:25 PM,bad,"","","",""
2024-08-12,August 12,Monday,9:08 AM,meh,"","","",""
2024-08-11,August 11,Sunday,7:49 PM,bad,"","","",""
2024-08-11,August 11,Sunday,2:06 PM,meh,"Mason","","",""
2024-08-11,August 11,Sunday,10:03 AM,rad,"Mason","","",""
2024-08-10,August 10,Saturday,8:05 PM,rad,"friends | Mason","","",""
2024-08-10,August 10,Saturday,3:05 PM,rad,"friends | Mason","","",""
2024-08-09,August 9,Friday,8:11 PM,rad,"Mason","","",""
2024-08-09,August 9,Friday,2:07 PM,good,"","","",""
2024-08-09,August 9,Friday,10:27 AM,good,"","","",""
2024-08-08,August 8,Thursday,7:02 PM,rad,"Mason","","",""
2024-08-08,August 8,Thursday,12:10 PM,meh,"","","",""
2024-08-08,August 8,Thursday,8:00 AM,bad,"","","",""
2024-08-07,August 7,Wednesday,8:20 PM,good,"","","",""
2024-08-07,August 7,Wednesday,5:25 PM,bad,"","","",""
2024-08-07,August 7,Wednesday,3:44 PM,good,"family","","",""
2024-08-07,August 7,Wednesday,10:38 AM,good,"","","",""
2024-08-06,August 6,Tuesday,7:05 PM,rad,"Mason | Gym","","",""
2024-08-06,August 6,Tuesday,12:48 PM,meh,"Work","","",""
2024-08-06,August 6,Tuesday,9:00 AM,good,"","","",""
2024-08-05,August 5,Monday,7:22 PM,rad,"Mason","","",""
2024-08-05,August 5,Monday,1:47 PM,bad,"","","",""
2024-08-04,August 4,Sunday,12:30 PM,good,"family","","",""
2024-08-03,August 3,Saturday,7:57 PM,rad,"friends | Mason","","",""
2024-08-03,August 3,Saturday,12:31 PM,bad,"","","",""
2024-08-03,August 3,Saturday,11:43 AM,good,"","","",""
2024-08-03,August 3,Saturday,8:00 AM,rad,"Mason","","",""
2024-08-02,August 2,Friday,7:00 PM,rad,"Mason","","",""
2024-08-02,August 2,Friday,2:42 PM,bad,"","","",""
2024-08-02,August 2,Friday,12:20 PM,bad,"","","",""
2024-08-01,August 1,Thursday,10:31 PM,meh,"","","",""
2024-08-01,August 1,Thursday,8:30 AM,meh,"","","",""
2024-07-31,July 31,Wednesday,10:43 PM,good,"Mason | Gym","","",""
2024-07-31,July 31,Wednesday,12:58 PM,meh,"","","",""
2024-07-31,July 31,Wednesday,9:25 AM,good,"","","",""
2024-07-30,July 30,Tuesday,9:19 PM,good,"friends | Mason","","",""
2024-07-30,July 30,Tuesday,2:35 PM,good,"friends","","",""
2024-07-30,July 30,Tuesday,10:36 AM,good,"","","",""
2024-07-29,July 29,Monday,7:00 PM,awful,"","","",""
2024-07-29,July 29,Monday,12:59 PM,awful,"","","",""
2024-07-29,July 29,Monday,9:56 AM,bad,"Work","","",""
2024-07-28,July 28,Sunday,8:29 PM,rad,"Mason","","",""
2024-07-28,July 28,Sunday,12:35 PM,awful,"","","",""
2024-07-28,July 28,Sunday,11:04 AM,awful,"","","",""
2024-07-27,July 27,Saturday,7:18 PM,rad,"friends | Mason","","",""
2024-07-27,July 27,Saturday,2:18 PM,rad,"family | friends | Mason","","",""
2024-07-27,July 27,Saturday,9:05 AM,rad,"Mason","","",""
2024-07-26,July 26,Friday,7:33 PM,rad,"Mason | Bryan","","",""
2024-07-26,July 26,Friday,12:44 PM,meh,"","","",""
2024-07-26,July 26,Friday,10:24 AM,meh,"","","",""
2024-07-25,July 25,Thursday,5:30 PM,bad,"","","",""
2024-07-25,July 25,Thursday,12:56 PM,good,"eat healthy | restaurant","","",""
2024-07-25,July 25,Thursday,10:04 AM,meh,"","","",""
2024-07-24,July 24,Wednesday,3:51 PM,good,"","","",""
2024-07-24,July 24,Wednesday,11:39 AM,meh,"","","",""
2024-07-23,July 23,Tuesday,1:10 PM,meh,"","","",""
2024-07-23,July 23,Tuesday,9:44 AM,good,"","","",""
2024-07-22,July 22,Monday,12:30 PM,good,"","","",""
2024-07-21,July 21,Sunday,12:37 PM,bad,"","","",""
2024-07-21,July 21,Sunday,9:32 AM,good,"Painting","","",""
2024-07-20,July 20,Saturday,7:42 PM,good,"","","",""
2024-07-20,July 20,Saturday,3:26 PM,rad,"Mason","","",""
2024-07-20,July 20,Saturday,9:27 AM,rad,"Mason","","",""
2024-07-19,July 19,Friday,7:10 PM,rad,"Mason","","",""
2024-07-19,July 19,Friday,1:35 PM,good,"family","","",""
2024-07-19,July 19,Friday,10:21 AM,meh,"","","",""
2024-07-18,July 18,Thursday,9:22 PM,good,"","","",""
2024-07-18,July 18,Thursday,12:57 PM,good,"","","",""
2024-07-18,July 18,Thursday,9:01 AM,good,"","","",""
2024-07-17,July 17,Wednesday,9:56 PM,rad,"Mason","","",""
2024-07-17,July 17,Wednesday,12:37 PM,good,"","","",""
2024-07-17,July 17,Wednesday,9:25 AM,good,"","","",""
2024-07-16,July 16,Tuesday,10:45 PM,meh,"","","",""
2024-07-16,July 16,Tuesday,12:43 PM,good,"","","",""
2024-07-16,July 16,Tuesday,9:06 AM,good,"","","",""
2024-07-15,July 15,Monday,11:54 PM,good,"","","",""
2024-07-15,July 15,Monday,12:42 PM,bad,"","","","Worried very much about finances. I have no idea what to do... Mom's savings is hemorrhaging, and I don't seem to be able to work enough because of my lack of motivation, which I should be able to just get over, but I can only do so much at work anyway without a CAC card."
2024-07-15,July 15,Monday,9:00 AM,good,"","","",""
2024-07-14,July 14,Sunday,7:30 PM,rad,"Mason","","",""
2024-07-14,July 14,Sunday,12:32 PM,good,"family","","",""
2024-07-14,July 14,Sunday,9:59 AM,good,"","","",""
2024-07-13,July 13,Saturday,7:02 PM,rad,"friends | Mason | Bryan","","",""
2024-07-13,July 13,Saturday,3:53 PM,rad,"friends | Mason","","",""
2024-07-13,July 13,Saturday,9:36 AM,good,"","","",""
2024-07-12,July 12,Friday,1:34 PM,rad,"Mason","","",""
2024-07-12,July 12,Friday,12:52 PM,good,"","","",""
2024-07-12,July 12,Friday,9:49 AM,meh,"","","",""
2024-07-11,July 11,Thursday,9:00 AM,good,"","","",""
2024-07-10,July 10,Wednesday,8:34 PM,rad,"Mason | Gym","","",""
2024-07-10,July 10,Wednesday,1:03 PM,meh,"","","",""
2024-07-10,July 10,Wednesday,9:24 AM,meh,"","","",""
2024-07-09,July 9,Tuesday,2:07 PM,good,"","","",""
2024-07-09,July 9,Tuesday,9:01 AM,good,"","","",""
2024-07-08,July 8,Monday,7:22 PM,rad,"Mason | Gym","","",""
2024-07-08,July 8,Monday,12:32 PM,good,"","","",""
2024-07-07,July 7,Sunday,7:25 PM,rad,"Mason","","",""
2024-07-07,July 7,Sunday,12:50 PM,good,"","","",""
2024-07-07,July 7,Sunday,9:44 AM,good,"","","",""
2024-07-06,July 6,Saturday,7:10 PM,rad,"Mason","","",""
2024-07-06,July 6,Saturday,12:49 PM,rad,"Mason","","",""
2024-07-06,July 6,Saturday,9:08 AM,rad,"Mason","","",""
2024-07-05,July 5,Friday,8:33 PM,good,"","","",""
2024-07-05,July 5,Friday,12:30 PM,rad,"Mason","","",""
2024-07-05,July 5,Friday,9:02 AM,rad,"Mason","","",""
2024-07-04,July 4,Thursday,7:15 PM,rad,"Mason","","",""
2024-07-04,July 4,Thursday,1:23 PM,rad,"Mason","","",""
2024-07-04,July 4,Thursday,9:14 AM,rad,"Mason","","",""
2024-07-03,July 3,Wednesday,7:05 PM,good,"","","",""
2024-07-03,July 3,Wednesday,12:31 PM,meh,"","","",""
2024-07-03,July 3,Wednesday,11:00 AM,meh,"","","",""
2024-07-02,July 2,Tuesday,9:03 PM,meh,"","","",""
2024-07-02,July 2,Tuesday,12:59 PM,meh,"","","",""
2024-07-02,July 2,Tuesday,9:34 AM,good,"","","",""
2024-07-01,July 1,Monday,7:08 PM,rad,"Mason | Gym","","",""
2024-07-01,July 1,Monday,12:40 PM,rad,"Mason","","",""
2024-07-01,July 1,Monday,10:32 AM,good,"","","",""
2024-06-30,June 30,Sunday,8:14 PM,good,"","","",""
2024-06-30,June 30,Sunday,12:30 PM,good,"","","",""
2024-06-30,June 30,Sunday,9:00 AM,meh,"","","",""
2024-06-29,June 29,Saturday,7:02 PM,rad,"","","",""
2024-06-29,June 29,Saturday,1:13 PM,rad,"","","",""
2024-06-29,June 29,Saturday,9:36 AM,rad,"Mason","","",""
2024-06-28,June 28,Friday,12:45 PM,good,"","","",""
2024-06-28,June 28,Friday,10:36 AM,meh,"","","",""
2024-06-27,June 27,Thursday,7:00 PM,good,"","","",""
2024-06-27,June 27,Thursday,2:19 PM,good,"","","","I won a Fitbit at work for mental health awareness month!"
2024-06-27,June 27,Thursday,9:03 AM,meh,"","","","Having trouble getting and staying motivated, especially at work. I feel like my meds aren't working well enough to help me with this."
2024-06-26,June 26,Wednesday,7:11 PM,good,"exercise","","",""
2024-06-26,June 26,Wednesday,12:44 PM,good,"","","",""
2024-06-26,June 26,Wednesday,10:16 AM,good,"","","",""
2024-06-25,June 25,Tuesday,7:03 PM,rad,"Mason","","",""
2024-06-25,June 25,Tuesday,12:34 PM,bad,"","","",""
2024-06-25,June 25,Tuesday,9:24 AM,good,"","","",""
2024-06-24,June 24,Monday,7:23 PM,good,"","","",""
2024-06-24,June 24,Monday,6:45 PM,good,"","","",""
2024-06-24,June 24,Monday,9:00 AM,bad,"","","",""
2024-06-23,June 23,Sunday,8:00 PM,good,"Mason","","",""
2024-06-23,June 23,Sunday,12:45 PM,bad,"","","",""
2024-06-23,June 23,Sunday,9:00 AM,good,"","","",""
2024-06-22,June 22,Saturday,8:47 PM,meh,"","","",""
2024-06-22,June 22,Saturday,2:35 PM,good,"Mason","","",""
2024-06-22,June 22,Saturday,9:34 AM,rad,"family | Mason | Bryan","","",""
2024-06-21,June 21,Friday,7:00 PM,rad,"friends | Mason","","",""
2024-06-21,June 21,Friday,1:06 PM,fucking awful,"","","",""
2024-06-21,June 21,Friday,12:32 PM,good,"","","",""
2024-06-20,June 20,Thursday,7:43 PM,rad,"Mason","","",""
2024-06-20,June 20,Thursday,12:30 PM,meh,"","","",""
2024-06-20,June 20,Thursday,9:03 AM,bad,"","","",""
2024-06-19,June 19,Wednesday,7:00 PM,rad,"Mason","","",""
2024-06-19,June 19,Wednesday,12:31 PM,meh,"","","",""
2024-06-19,June 19,Wednesday,9:01 AM,good,"","","",""
2024-06-18,June 18,Tuesday,2:57 PM,bad,"","","",""
2024-06-18,June 18,Tuesday,4:32 AM,bad,"","","",""
2024-06-17,June 17,Monday,7:16 PM,rad,"Mason","","",""
2024-06-17,June 17,Monday,12:33 PM,good,"","","",""
2024-06-17,June 17,Monday,9:00 AM,good,"","","",""
2024-06-16,June 16,Sunday,8:59 PM,good,"","","",""
2024-06-16,June 16,Sunday,12:30 PM,rad,"friends | Mason","","",""
2024-06-15,June 15,Saturday,7:17 PM,rad,"friends | Mason","","","Got a piercing!"
2024-06-15,June 15,Saturday,12:30 PM,rad,"friends | Mason","","",""
2024-06-15,June 15,Saturday,10:46 AM,rad,"friends | Mason","","",""
2024-06-14,June 14,Friday,7:04 PM,rad,"Mason","","",""
2024-06-14,June 14,Friday,1:32 PM,rad,"Mason","","",""
2024-06-14,June 14,Friday,9:11 AM,good,"","","",""
2024-06-13,June 13,Thursday,7:35 PM,good,"","","",""
2024-06-13,June 13,Thursday,12:38 PM,good,"","","",""
2024-06-13,June 13,Thursday,9:42 AM,good,"","","",""
2024-06-12,June 12,Wednesday,7:12 PM,rad,"Mason | Gym","","",""
2024-06-12,June 12,Wednesday,2:14 PM,rad,"Mason","","",""
2024-06-12,June 12,Wednesday,9:06 AM,good,"","","",""
2024-06-11,June 11,Tuesday,7:04 PM,meh,"","","",""
2024-06-11,June 11,Tuesday,1:25 PM,meh,"","","",""
2024-06-11,June 11,Tuesday,9:00 AM,good,"","","",""
2024-06-10,June 10,Monday,7:11 PM,rad,"Mason","","",""
2024-06-10,June 10,Monday,12:39 PM,rad,"Therapy","","",""
2024-06-10,June 10,Monday,10:19 AM,rad,"","","",""
2024-06-09,June 9,Sunday,4:56 PM,rad,"Mason","","",""
2024-06-08,June 8,Saturday,9:05 AM,good,"","","",""
2024-06-07,June 7,Friday,7:26 PM,rad,"Bryan","","",""
2024-06-07,June 7,Friday,1:18 PM,meh,"","","",""
2024-06-07,June 7,Friday,9:44 AM,good,"","","",""
2024-06-06,June 6,Thursday,7:42 PM,meh,"","","",""
2024-06-06,June 6,Thursday,12:57 PM,good,"","","",""
2024-06-06,June 6,Thursday,9:40 AM,good,"","","",""
2024-06-05,June 5,Wednesday,8:52 PM,rad,"Mason","","",""
2024-06-05,June 5,Wednesday,12:33 PM,good,"","","",""
2024-06-05,June 5,Wednesday,9:17 AM,rad,"","","",""
2024-06-04,June 4,Tuesday,7:03 PM,rad,"Mason","","",""
2024-06-04,June 4,Tuesday,12:37 PM,good,"","","",""
2024-06-04,June 4,Tuesday,9:29 AM,good,"","","",""
2024-06-03,June 3,Monday,11:10 PM,rad,"Mason | Gym","","",""
2024-06-03,June 3,Monday,2:18 PM,good,"","","",""
2024-06-02,June 2,Sunday,7:07 PM,good,"","","",""
2024-06-02,June 2,Sunday,2:59 PM,good,"","","",""
2024-06-01,June 1,Saturday,7:18 PM,rad,"Mason","","",""
2024-06-01,June 1,Saturday,1:32 PM,meh,"","","",""
2024-06-01,June 1,Saturday,9:24 AM,good,"","","",""
2024-05-31,May 31,Friday,12:39 PM,good,"","","",""
2024-05-31,May 31,Friday,9:04 AM,good,"","","",""
2024-05-30,May 30,Thursday,7:29 PM,rad,"Mason","","",""
2024-05-30,May 30,Thursday,12:30 PM,good,"","","",""
2024-05-30,May 30,Thursday,9:41 AM,good,"","","",""
2024-05-29,May 29,Wednesday,12:38 PM,good,"","","",""
2024-05-29,May 29,Wednesday,9:05 AM,good,"","","",""
2024-05-28,May 28,Tuesday,7:01 PM,rad,"Mason","","",""
2024-05-28,May 28,Tuesday,12:51 PM,good,"","","",""
2024-05-28,May 28,Tuesday,10:48 AM,good,"","","",""
2024-05-27,May 27,Monday,7:58 PM,good,"","","",""
2024-05-27,May 27,Monday,2:45 PM,good,"","","",""
2024-05-27,May 27,Monday,9:12 AM,rad,"","","",""
2024-05-26,May 26,Sunday,8:25 PM,rad,"Mason","","",""
2024-05-26,May 26,Sunday,1:29 PM,good,"","","",""
2024-05-25,May 25,Saturday,7:47 PM,rad,"Mason","","",""
2024-05-25,May 25,Saturday,2:18 PM,rad,"Mason","","",""
2024-05-25,May 25,Saturday,10:23 AM,good,"","","",""
2024-05-24,May 24,Friday,7:11 PM,rad,"Mason","","",""
2024-05-24,May 24,Friday,12:37 PM,meh,"","","",""
2024-05-24,May 24,Friday,9:31 AM,good,"","","",""
2024-05-23,May 23,Thursday,7:00 PM,rad,"Mason","","",""
2024-05-23,May 23,Thursday,3:30 PM,bad,"","","","Money problems"
2024-05-23,May 23,Thursday,9:35 AM,good,"","","",""
2024-05-22,May 22,Wednesday,7:25 PM,rad,"Mason","","",""
2024-05-22,May 22,Wednesday,12:31 PM,good,"","","",""
2024-05-22,May 22,Wednesday,11:09 AM,good,"","","",""
2024-05-21,May 21,Tuesday,7:26 PM,good,"","","",""
2024-05-21,May 21,Tuesday,1:01 PM,good,"","","",""
2024-05-20,May 20,Monday,8:12 PM,good,"","","",""
2024-05-20,May 20,Monday,12:30 PM,good,"","","",""
2024-05-20,May 20,Monday,9:51 AM,good,"","","",""
2024-05-19,May 19,Sunday,7:06 PM,rad,"Mason","","",""
2024-05-19,May 19,Sunday,12:40 PM,good,"","","",""
2024-05-19,May 19,Sunday,9:33 AM,good,"","","",""
2024-05-18,May 18,Saturday,1:38 PM,good,"","","",""
2024-05-18,May 18,Saturday,9:04 AM,rad,"Mason","","",""
2024-05-17,May 17,Friday,7:22 PM,rad,"Mason","","",""
2024-05-17,May 17,Friday,1:18 PM,good,"","","",""
2024-05-17,May 17,Friday,9:26 AM,good,"","","",""
2024-05-16,May 16,Thursday,7:20 PM,good,"","","",""
2024-05-16,May 16,Thursday,1:15 PM,good,"","","",""
2024-05-16,May 16,Thursday,9:01 AM,rad,"","","",""
2024-05-15,May 15,Wednesday,7:02 PM,good,"","","",""
2024-05-15,May 15,Wednesday,3:32 PM,meh,"","","",""
2024-05-15,May 15,Wednesday,11:29 AM,good,"","","",""
2024-05-14,May 14,Tuesday,7:10 PM,good,"","","",""
2024-05-14,May 14,Tuesday,2:02 PM,good,"","","",""
2024-05-14,May 14,Tuesday,10:50 AM,good,"","","",""
2024-05-13,May 13,Monday,7:01 PM,good,"","","",""
2024-05-13,May 13,Monday,12:45 PM,rad,"","","",""
2024-05-13,May 13,Monday,9:02 AM,good,"","","",""
2024-05-12,May 12,Sunday,7:34 PM,rad,"Mason","","",""
2024-05-12,May 12,Sunday,9:02 AM,meh,"","","",""
2024-05-11,May 11,Saturday,7:31 PM,meh,"","","",""
2024-05-11,May 11,Saturday,12:30 PM,rad,"Mason","","",""
2024-05-11,May 11,Saturday,10:17 AM,rad,"Mason","","",""
2024-05-10,May 10,Friday,7:34 PM,rad,"Mason","","",""
2024-05-10,May 10,Friday,12:51 PM,good,"","","",""
2024-05-10,May 10,Friday,9:00 AM,rad,"Mason","","",""
2024-05-09,May 9,Thursday,7:00 PM,good,"","","",""
2024-05-09,May 9,Thursday,12:31 PM,good,"","","",""
2024-05-09,May 9,Thursday,9:38 AM,good,"","","",""
2024-05-08,May 8,Wednesday,7:22 PM,rad,"","","",""
2024-05-08,May 8,Wednesday,1:01 PM,meh,"","","",""
2024-05-08,May 8,Wednesday,10:34 AM,good,"","","",""
2024-05-07,May 7,Tuesday,7:40 PM,rad,"Mason","","",""
2024-05-07,May 7,Tuesday,1:29 PM,rad,"","","",""
2024-05-07,May 7,Tuesday,9:12 AM,rad,"","","",""
2024-05-06,May 6,Monday,7:22 PM,bad,"","","",""
2024-05-06,May 6,Monday,12:37 PM,good,"","","",""
2024-05-06,May 6,Monday,9:43 AM,good,"","","",""
2024-05-05,May 5,Sunday,7:14 PM,good,"","","",""
2024-05-05,May 5,Sunday,12:39 PM,good,"","","",""
2024-05-05,May 5,Sunday,9:08 AM,good,"","","",""
2024-05-04,May 4,Saturday,12:36 PM,rad,"Mason","","",""
2024-05-04,May 4,Saturday,9:00 AM,rad,"Mason","","",""
2024-05-03,May 3,Friday,7:06 PM,rad,"Mason","","",""
2024-05-03,May 3,Friday,12:54 PM,good,"","","",""
2024-05-03,May 3,Friday,9:07 AM,good,"","","",""
2024-05-02,May 2,Thursday,7:13 PM,good,"","","",""
2024-05-02,May 2,Thursday,1:39 PM,good,"","","",""
2024-05-02,May 2,Thursday,9:37 AM,good,"cleaning","","",""
2024-05-01,May 1,Wednesday,7:17 PM,rad,"Mason","","",""
2024-05-01,May 1,Wednesday,12:45 PM,bad,"","","",""
2024-04-30,April 30,Tuesday,7:05 PM,meh,"","","",""
2024-04-30,April 30,Tuesday,2:18 PM,meh,"","","",""
2024-04-29,April 29,Monday,7:00 PM,bad,"","","",""
2024-04-29,April 29,Monday,2:25 PM,good,"","","",""
2024-04-29,April 29,Monday,10:03 AM,good,"","","",""
2024-04-28,April 28,Sunday,9:19 PM,good,"","","",""
2024-04-28,April 28,Sunday,1:14 PM,rad,"Mason","","",""
2024-04-28,April 28,Sunday,9:21 AM,rad,"Mason","","",""
2024-04-27,April 27,Saturday,7:06 PM,rad,"","","",""
2024-04-27,April 27,Saturday,5:14 PM,rad,"Mason","","",""
2024-04-26,April 26,Friday,7:43 PM,good,"","","",""
2024-04-26,April 26,Friday,1:04 PM,good,"","","",""
2024-04-26,April 26,Friday,9:07 AM,good,"","","",""
2024-04-25,April 25,Thursday,5:40 PM,meh,"","","",""
2024-04-25,April 25,Thursday,11:27 AM,good,"","","",""
2024-04-24,April 24,Wednesday,9:31 AM,good,"","","",""
2024-04-23,April 23,Tuesday,9:21 PM,rad,"Mason","","",""
2024-04-23,April 23,Tuesday,1:11 PM,bad,"","","",""
2024-04-23,April 23,Tuesday,9:00 AM,good,"","","",""
2024-04-22,April 22,Monday,7:17 PM,bad,"","","",""
2024-04-22,April 22,Monday,3:30 PM,meh,"","","",""
2024-04-22,April 22,Monday,9:05 AM,good,"","","",""
2024-04-21,April 21,Sunday,8:00 PM,good,"","","",""
2024-04-21,April 21,Sunday,9:45 AM,good,"","","",""
2024-04-20,April 20,Saturday,8:12 PM,rad,"Mason","","",""
2024-04-20,April 20,Saturday,4:05 PM,rad,"Mason","","",""
2024-04-19,April 19,Friday,7:31 PM,good,"","","",""
2024-04-19,April 19,Friday,1:25 PM,good,"","","",""
2024-04-19,April 19,Friday,9:41 AM,meh,"","","",""
2024-04-18,April 18,Thursday,9:27 PM,good,"Mason","","",""
2024-04-18,April 18,Thursday,1:37 PM,meh,"","","",""
2024-04-17,April 17,Wednesday,7:00 PM,good,"","","",""
2024-04-17,April 17,Wednesday,2:19 PM,good,"","","",""
2024-04-17,April 17,Wednesday,9:15 AM,meh,"","","",""
2024-04-16,April 16,Tuesday,7:04 PM,meh,"","","",""
2024-04-16,April 16,Tuesday,1:43 PM,bad,"","","",""
2024-04-16,April 16,Tuesday,9:00 AM,good,"","","",""
2024-04-15,April 15,Monday,7:30 PM,good,"","","",""
2024-04-15,April 15,Monday,1:01 PM,good,"","","",""
2024-04-14,April 14,Sunday,8:12 PM,rad,"Mason","","",""
2024-04-14,April 14,Sunday,12:44 PM,rad,"Mason","","",""
2024-04-14,April 14,Sunday,10:12 AM,rad,"Mason","","",""
2024-04-13,April 13,Saturday,7:12 PM,rad,"Mason","","",""
2024-04-13,April 13,Saturday,12:34 PM,good,"Mason","","",""
2024-04-13,April 13,Saturday,9:44 AM,meh,"","","",""
2024-04-12,April 12,Friday,7:00 PM,good,"","","",""
2024-04-12,April 12,Friday,12:30 PM,good,"","","",""
2024-04-12,April 12,Friday,9:44 AM,good,"","","",""
2024-04-11,April 11,Thursday,8:22 PM,good,"","","",""
2024-04-11,April 11,Thursday,4:35 PM,meh,"","","",""
2024-04-10,April 10,Wednesday,7:00 PM,bad,"","","",""
2024-04-10,April 10,Wednesday,1:11 PM,good,"","","",""
2024-04-10,April 10,Wednesday,9:12 AM,good,"","","",""
2024-04-09,April 9,Tuesday,8:23 PM,meh,"","","",""
2024-04-09,April 9,Tuesday,1:18 PM,meh,"","","",""
2024-04-09,April 9,Tuesday,9:06 AM,good,"family","","",""
2024-04-08,April 8,Monday,7:04 PM,awful,"Bryan","","",""
2024-04-08,April 8,Monday,9:40 AM,good,"Mason","","",""
2024-04-07,April 7,Sunday,7:04 PM,good,"Mason","","",""
2024-04-07,April 7,Sunday,12:53 PM,bad,"","","",""
2024-04-07,April 7,Sunday,9:50 AM,bad,"bad sleep","","",""
2024-04-06,April 6,Saturday,8:52 PM,good,"","","",""
2024-04-06,April 6,Saturday,12:49 PM,rad,"","","",""
2024-04-05,April 5,Friday,12:30 PM,good,"","","",""
2024-04-05,April 5,Friday,10:00 AM,good,"Mason","","",""
2024-04-04,April 4,Thursday,8:59 PM,good,"Mason","","",""
2024-04-04,April 4,Thursday,5:56 PM,good,"","","",""
2024-04-04,April 4,Thursday,9:54 AM,meh,"","","",""
2024-04-03,April 3,Wednesday,7:17 PM,good,"Mason","","",""
2024-04-02,April 2,Tuesday,7:00 PM,bad,"","","",""
2024-04-02,April 2,Tuesday,12:39 PM,good,"","","",""
2024-04-02,April 2,Tuesday,9:00 AM,good,"","","",""
2024-04-01,April 1,Monday,7:18 PM,good,"Mason","","",""
2024-04-01,April 1,Monday,5:36 PM,bad,"","","",""
2024-04-01,April 1,Monday,12:30 PM,meh,"","","",""
2024-04-01,April 1,Monday,9:09 AM,rad,"","","",""
2024-03-31,March 31,Sunday,11:31 PM,rad,"Mason","","",""
2024-03-31,March 31,Sunday,1:59 PM,rad,"Mason","","",""
2024-03-31,March 31,Sunday,12:22 PM,rad,"Mason","","",""
2024-03-30,March 30,Saturday,11:32 PM,rad,"Mason","","",""
2024-03-30,March 30,Saturday,12:32 PM,meh,"","","",""
2024-03-29,March 29,Friday,9:05 PM,rad,"Mason","","",""
2024-03-29,March 29,Friday,12:31 PM,rad,"","","",""
2024-03-29,March 29,Friday,9:02 AM,meh,"","","",""
2024-03-28,March 28,Thursday,10:48 PM,good,"","","",""
2024-03-28,March 28,Thursday,6:32 PM,good,"","","",""
2024-03-27,March 27,Wednesday,8:23 PM,meh,"","","",""
2024-03-27,March 27,Wednesday,1:53 PM,awful,"","","",""
2024-03-27,March 27,Wednesday,9:00 AM,good,"","","",""
2024-03-26,March 26,Tuesday,7:14 PM,good,"","","",""
2024-03-26,March 26,Tuesday,1:44 PM,bad,"","","",""
2024-03-26,March 26,Tuesday,9:00 AM,good,"","","",""
2024-03-25,March 25,Monday,7:24 PM,good,"","","",""
2024-03-25,March 25,Monday,12:40 PM,rad,"","","",""
2024-03-25,March 25,Monday,9:22 AM,good,"","","",""
2024-03-24,March 24,Sunday,7:00 PM,good,"","","",""
2024-03-24,March 24,Sunday,12:30 PM,rad,"Mason","","",""
2024-03-24,March 24,Sunday,9:05 AM,rad,"Mason","","",""
2024-03-23,March 23,Saturday,8:19 PM,rad,"Mason","","",""
2024-03-22,March 22,Friday,7:13 PM,rad,"friends | Mason","","",""
2024-03-22,March 22,Friday,1:19 PM,bad,"","","",""
2024-03-22,March 22,Friday,9:15 AM,good,"","","",""
2024-03-21,March 21,Thursday,7:03 PM,good,"","","",""
2024-03-21,March 21,Thursday,1:01 PM,meh,"","","",""
2024-03-21,March 21,Thursday,11:59 AM,good,"","","",""
2024-03-20,March 20,Wednesday,7:34 PM,rad,"Mason","","",""
2024-03-20,March 20,Wednesday,9:24 AM,good,"","","",""
2024-03-19,March 19,Tuesday,9:37 PM,rad,"Mason","","",""
2024-03-19,March 19,Tuesday,6:14 PM,meh,"","","",""
2024-03-19,March 19,Tuesday,12:30 PM,good,"","","",""
2024-03-19,March 19,Tuesday,9:27 AM,good,"","","",""
2024-03-18,March 18,Monday,7:09 PM,meh,"","","",""
2024-03-18,March 18,Monday,12:38 PM,rad,"","","",""
2024-03-18,March 18,Monday,9:00 AM,good,"","","",""
2024-03-17,March 17,Sunday,7:09 PM,rad,"Mason","","",""
2024-03-17,March 17,Sunday,9:00 AM,rad,"","","",""
2024-03-16,March 16,Saturday,7:16 PM,rad,"Mason","","",""
2024-03-16,March 16,Saturday,12:30 PM,rad,"","","",""
2024-03-16,March 16,Saturday,10:07 AM,rad,"Mason","","",""
2024-03-15,March 15,Friday,7:00 PM,rad,"","","",""
2024-03-15,March 15,Friday,12:30 PM,good,"","","",""
2024-03-15,March 15,Friday,9:00 AM,good,"","","",""
2024-03-14,March 14,Thursday,7:03 PM,rad,"","","",""
2024-03-14,March 14,Thursday,12:42 PM,rad,"","","",""
2024-03-13,March 13,Wednesday,7:20 PM,rad,"","","",""
2024-03-13,March 13,Wednesday,12:38 PM,rad,"Mason","","",""
2024-03-12,March 12,Tuesday,7:23 PM,rad,"Mason","","",""
2024-03-12,March 12,Tuesday,12:39 PM,good,"","","",""
2024-03-12,March 12,Tuesday,9:08 AM,good,"","","",""
2024-03-11,March 11,Monday,7:00 PM,meh,"","","",""
2024-03-11,March 11,Monday,1:41 PM,meh,"Sick","","",""
2024-03-11,March 11,Monday,10:04 AM,rad,"","","",""
2024-03-10,March 10,Sunday,7:00 PM,rad,"Mason","","",""
2024-03-10,March 10,Sunday,1:58 PM,rad,"Mason","","",""
2024-03-10,March 10,Sunday,9:00 AM,rad,"","","",""
2024-03-09,March 9,Saturday,7:28 PM,rad,"Mason","","",""
2024-03-09,March 9,Saturday,12:41 PM,rad,"Mason","","",""
2024-03-09,March 9,Saturday,9:00 AM,rad,"Mason","","",""
2024-03-08,March 8,Friday,8:38 PM,rad,"","","",""
2024-03-08,March 8,Friday,12:51 PM,good,"","","",""
2024-03-08,March 8,Friday,9:13 AM,good,"","","",""
2024-03-07,March 7,Thursday,7:08 PM,good,"","","",""
2024-03-07,March 7,Thursday,12:47 PM,good,"","","",""
2024-03-07,March 7,Thursday,9:06 AM,rad,"","","",""
2024-03-06,March 6,Wednesday,9:50 PM,rad,"Mason","","",""
2024-03-06,March 6,Wednesday,12:32 PM,good,"","","",""
2024-03-06,March 6,Wednesday,9:29 AM,good,"","","",""
2024-03-05,March 5,Tuesday,2:21 PM,bad,"","","",""
2024-03-05,March 5,Tuesday,12:33 PM,good,"","","",""
2024-03-05,March 5,Tuesday,9:12 AM,good,"","","",""
2024-03-04,March 4,Monday,7:00 PM,rad,"Mason","","",""
2024-03-04,March 4,Monday,12:30 PM,good,"","","",""
2024-03-03,March 3,Sunday,7:42 PM,rad,"Mason","","🙏 Gratitude Entry","<b>List three things that you are grateful for:</b><ol><li>Meeting <b>Mason</b> recently</li><li>Having met <b>Daniel</b></li><li>My friends Bryan, Chad, Zach, and others</li><li>My family</li><li>My psychiatrist and therapist</li><li>My internship, hopefully soon to be my job, and Open Door&nbsp;</li><li>Things are generally looking up</li></ol>"
2024-03-03,March 3,Sunday,9:02 AM,rad,"","","",""
2024-03-02,March 2,Saturday,7:01 PM,rad,"","","",""
2024-03-02,March 2,Saturday,1:24 PM,rad,"Daniel C.","","","Just had a very important conversation with Daniel about our friendship and feelings. I'm very glad we had that conversation and that we're still good friends. 💗"
2024-03-02,March 2,Saturday,10:20 AM,rad,"","","",""
2024-03-01,March 1,Friday,8:35 PM,rad,"Bryan","","",""
2024-03-01,March 1,Friday,2:45 PM,rad,"Bryan","","",""
2024-03-01,March 1,Friday,9:23 AM,good,"","","",""
2024-02-29,February 29,Thursday,7:54 PM,rad,"Daniel C.","","",""
2024-02-29,February 29,Thursday,12:47 PM,good,"","","",""
2024-02-29,February 29,Thursday,9:16 AM,good,"","","",""
2024-02-28,February 28,Wednesday,7:00 PM,good,"","","",""
2024-02-28,February 28,Wednesday,1:11 PM,good,"","","",""
2024-02-28,February 28,Wednesday,9:40 AM,good,"","","",""
2024-02-27,February 27,Tuesday,7:48 PM,meh,"","","",""
2024-02-27,February 27,Tuesday,1:55 PM,good,"","","",""
2024-02-27,February 27,Tuesday,9:00 AM,good,"","","",""
2024-02-26,February 26,Monday,7:09 PM,meh,"","","",""
2024-02-26,February 26,Monday,12:33 PM,rad,"Daniel C.","","",""
2024-02-26,February 26,Monday,9:49 AM,good,"","","",""
2024-02-25,February 25,Sunday,7:15 PM,good,"","","",""
2024-02-25,February 25,Sunday,1:23 PM,good,"","","",""
2024-02-25,February 25,Sunday,9:32 AM,good,"","","",""
2024-02-24,February 24,Saturday,7:07 PM,good,"","","",""
2024-02-24,February 24,Saturday,12:41 PM,awful,"","","",""
2024-02-24,February 24,Saturday,9:43 AM,good,"","","",""
2024-02-23,February 23,Friday,9:50 PM,awful,"","","",""
2024-02-23,February 23,Friday,7:11 PM,good,"","","",""
2024-02-23,February 23,Friday,1:41 PM,meh,"","","",""
2024-02-23,February 23,Friday,9:08 AM,good,"","","",""
2024-02-22,February 22,Thursday,7:18 PM,bad,"","","",""
2024-02-22,February 22,Thursday,1:28 PM,rad,"Daniel C.","","",""
2024-02-22,February 22,Thursday,11:34 AM,rad,"","","",""
2024-02-21,February 21,Wednesday,7:03 PM,rad,"Daniel C.","","",""
2024-02-21,February 21,Wednesday,12:41 PM,good,"","","",""
2024-02-21,February 21,Wednesday,9:37 AM,good,"","","",""
2024-02-20,February 20,Tuesday,7:01 PM,good,"","","",""
2024-02-20,February 20,Tuesday,1:04 PM,good,"","","",""
2024-02-20,February 20,Tuesday,9:36 AM,good,"","","",""
2024-02-19,February 19,Monday,9:45 AM,good,"","","",""
2024-02-18,February 18,Sunday,8:08 PM,good,"","","",""
2024-02-18,February 18,Sunday,3:21 PM,good,"","","",""
2024-02-18,February 18,Sunday,12:30 PM,good,"","","",""
2024-02-18,February 18,Sunday,9:08 AM,good,"","","",""
2024-02-17,February 17,Saturday,7:16 PM,good,"","","",""
2024-02-17,February 17,Saturday,6:20 PM,rad,"Daniel C.","","",""
2024-02-16,February 16,Friday,8:48 PM,rad,"Daniel C.","","",""
2024-02-16,February 16,Friday,5:08 PM,rad,"Daniel C.","","",""
2024-02-16,February 16,Friday,9:02 AM,rad,"Daniel C.","","",""
2024-02-15,February 15,Thursday,7:15 PM,rad,"Daniel C.","","",""
2024-02-15,February 15,Thursday,1:27 PM,rad,"friends | Daniel C.","","","Just met Daniel for lunch. I'm afraid I'm falling head over heels for him. He's so adorable AND hot. And sweet. And cute. I agree to cuddle. I'm both looking forward to it and not, because what if we keep going? What will that mean? He's married and not open. I hope it wouldn't mean the end of our friendship. I'm really looking forward to getting closer to him and knowing him better. I actually can't wait. Man....... *Swoon*"
2024-02-15,February 15,Thursday,9:15 AM,rad,"friends | Daniel C.","","",""
2024-02-15,February 15,Thursday,9:01 AM,good,"","","",""
2024-02-14,February 14,Wednesday,7:21 PM,good,"","","",""
2024-02-14,February 14,Wednesday,12:38 PM,rad,"","","",""
2024-02-14,February 14,Wednesday,9:47 AM,good,"","","",""
2024-02-13,February 13,Tuesday,7:02 PM,rad,"friends | date","","","Met Daniel Chattom for the first time for coffee!"
2024-02-13,February 13,Tuesday,12:59 PM,meh,"","","",""
2024-02-13,February 13,Tuesday,9:27 AM,good,"","","",""
2024-02-12,February 12,Monday,7:31 PM,good,"","","",""
2024-02-12,February 12,Monday,12:51 PM,good,"","","",""
2024-02-11,February 11,Sunday,8:00 PM,good,"","","",""
2024-02-10,February 10,Saturday,9:11 PM,good,"friends","","",""
2024-02-10,February 10,Saturday,10:05 AM,meh,"","","",""
2024-02-09,February 9,Friday,8:38 PM,bad,"","","",""
2024-02-09,February 9,Friday,3:45 PM,bad,"","","",""
2024-02-08,February 8,Thursday,7:13 PM,bad,"","","",""
2024-02-08,February 8,Thursday,9:40 AM,meh,"","","",""
2024-02-07,February 7,Wednesday,7:29 PM,meh,"","","",""
2024-02-07,February 7,Wednesday,12:38 PM,good,"","","",""
2024-02-06,February 6,Tuesday,8:47 PM,meh,"","","",""
2024-02-06,February 6,Tuesday,1:45 PM,good,"","","",""
2024-02-05,February 5,Monday,7:46 PM,good,"","","",""
2024-02-05,February 5,Monday,12:49 PM,good,"","","",""
2024-02-05,February 5,Monday,9:49 AM,good,"","","",""
2024-02-04,February 4,Sunday,7:57 PM,good,"","","",""
2024-02-04,February 4,Sunday,12:30 PM,good,"","","",""
2024-02-04,February 4,Sunday,9:05 AM,good,"","","",""
2024-02-03,February 3,Saturday,7:40 PM,rad,"","","",""
2024-02-03,February 3,Saturday,2:42 PM,rad,"Bryan","","",""
2024-02-03,February 3,Saturday,9:44 AM,good,"","","",""
2024-02-02,February 2,Friday,12:37 PM,meh,"","","",""
2024-02-02,February 2,Friday,1:15 AM,awful,"","","",""
2024-02-01,February 1,Thursday,10:43 PM,bad,"","","",""
2024-02-01,February 1,Thursday,12:51 PM,bad,"","","",""
2024-02-01,February 1,Thursday,9:03 AM,meh,"","","",""
2024-01-31,January 31,Wednesday,7:04 PM,good,"friends","","","I have such wonderful friends."
2024-01-31,January 31,Wednesday,6:18 PM,good,"","","",""
2024-01-30,January 30,Tuesday,7:13 PM,meh,"","","",""
2024-01-30,January 30,Tuesday,12:30 PM,good,"","","",""
2024-01-30,January 30,Tuesday,10:28 AM,good,"","","",""
2024-01-29,January 29,Monday,7:25 PM,good,"","","",""
2024-01-29,January 29,Monday,12:30 PM,good,"","","",""
2024-01-29,January 29,Monday,9:17 AM,meh,"","","",""
2024-01-28,January 28,Sunday,7:11 PM,bad,"","","",""
2024-01-28,January 28,Sunday,5:30 AM,awful,"","","",""
2024-01-27,January 27,Saturday,1:40 PM,bad,"","","",""
2024-01-26,January 26,Friday,7:18 PM,awful,"","","",""
2024-01-26,January 26,Friday,12:52 PM,meh,"","","",""
2024-01-26,January 26,Friday,9:27 AM,good,"","","",""
2024-01-25,January 25,Thursday,7:31 PM,rad,"","","",""
2024-01-25,January 25,Thursday,1:36 PM,good,"","","",""
2024-01-25,January 25,Thursday,9:08 AM,good,"","","",""
2024-01-24,January 24,Wednesday,8:50 PM,bad,"","","",""
2024-01-24,January 24,Wednesday,4:30 PM,bad,"","","",""
2024-01-24,January 24,Wednesday,12:30 PM,meh,"","","",""
2024-01-23,January 23,Tuesday,7:31 PM,good,"","","",""
2024-01-23,January 23,Tuesday,12:39 PM,good,"","","",""
2024-01-23,January 23,Tuesday,10:07 AM,good,"","","",""
2024-01-22,January 22,Monday,2:50 PM,good,"","","",""
2024-01-22,January 22,Monday,10:18 AM,good,"","","",""
2024-01-21,January 21,Sunday,7:46 PM,good,"family | friends","","",""
2024-01-21,January 21,Sunday,1:19 PM,good,"","","",""
2024-01-21,January 21,Sunday,9:19 AM,good,"friends","","",""
2024-01-20,January 20,Saturday,7:00 PM,meh,"","","",""
2024-01-20,January 20,Saturday,3:32 PM,good,"friends","","",""
2024-01-20,January 20,Saturday,9:12 AM,good,"","","",""
2024-01-19,January 19,Friday,7:00 PM,good,"","","",""
2024-01-19,January 19,Friday,12:30 PM,good,"","","",""
2024-01-19,January 19,Friday,9:03 AM,good,"","","",""
2024-01-18,January 18,Thursday,7:35 PM,bad,"","","",""
2024-01-17,January 17,Wednesday,7:39 PM,good,"","","",""
2024-01-17,January 17,Wednesday,1:28 PM,bad,"","","",""
2024-01-16,January 16,Tuesday,7:01 PM,meh,"","","",""
2024-01-15,January 15,Monday,9:07 PM,good,"","","",""
2024-01-15,January 15,Monday,12:53 PM,good,"","","",""
2024-01-15,January 15,Monday,9:37 AM,good,"","","",""
2024-01-14,January 14,Sunday,7:39 PM,good,"","","",""
2024-01-14,January 14,Sunday,2:09 PM,bad,"","","",""
2024-01-14,January 14,Sunday,9:02 AM,good,"","","",""
2024-01-13,January 13,Saturday,10:17 PM,bad,"","","",""
2024-01-13,January 13,Saturday,12:31 PM,good,"","","",""
2024-01-13,January 13,Saturday,9:01 AM,good,"","","",""
2024-01-12,January 12,Friday,7:00 PM,good,"friends","","",""
2024-01-12,January 12,Friday,2:00 PM,rad,"friends | Bryan","","",""
2024-01-12,January 12,Friday,9:52 AM,good,"","","",""
2024-01-11,January 11,Thursday,10:41 PM,rad,"friends","","",""
2024-01-11,January 11,Thursday,3:45 PM,good,"","","",""
2024-01-11,January 11,Thursday,1:30 PM,good,"","","",""
2024-01-10,January 10,Wednesday,8:20 PM,meh,"","","",""
2024-01-10,January 10,Wednesday,12:40 PM,meh,"","","",""
2024-01-10,January 10,Wednesday,9:18 AM,meh,"","","",""
2024-01-09,January 9,Tuesday,7:34 PM,meh,"","","",""
2024-01-09,January 9,Tuesday,2:46 PM,good,"","","",""
2024-01-09,January 9,Tuesday,8:23 AM,meh,"","","",""
2024-01-08,January 8,Monday,7:00 PM,bad,"","","",""
2024-01-08,January 8,Monday,12:31 PM,good,"","","",""
2024-01-07,January 7,Sunday,4:25 PM,good,"","","",""
2024-01-07,January 7,Sunday,11:35 AM,good,"","","",""
2024-01-06,January 6,Saturday,7:00 PM,rad,"Bryan","","",""
2024-01-06,January 6,Saturday,2:20 PM,rad,"Bryan","","",""
2024-01-06,January 6,Saturday,9:30 AM,good,"","","",""
2024-01-05,January 5,Friday,7:00 PM,good,"","","",""
2024-01-05,January 5,Friday,12:36 PM,good,"","","",""
2024-01-04,January 4,Thursday,8:31 PM,good,"","","",""
2024-01-04,January 4,Thursday,7:00 PM,good,"","","",""
2024-01-04,January 4,Thursday,12:47 PM,good,"","","",""
2024-01-03,January 3,Wednesday,7:27 PM,meh,"","","",""
2024-01-03,January 3,Wednesday,1:21 PM,awful,"","","",""
2024-01-02,January 2,Tuesday,9:06 PM,good,"","","",""
2024-01-02,January 2,Tuesday,3:00 PM,meh,"","","",""
2024-01-01,January 1,Monday,7:06 PM,good,"","","",""
2023-12-31,December 31,Sunday,7:02 PM,good,"","","",""
2023-12-31,December 31,Sunday,12:31 PM,good,"","","",""
2023-12-31,December 31,Sunday,9:23 AM,good,"","","",""
2023-12-30,December 30,Saturday,10:00 PM,good,"","","",""
2023-12-30,December 30,Saturday,2:00 PM,meh,"","","",""
2023-12-29,December 29,Friday,7:07 PM,rad,"","","",""
2023-12-29,December 29,Friday,2:29 PM,good,"","","",""
2023-12-28,December 28,Thursday,7:41 PM,rad,"","","",""
2023-12-28,December 28,Thursday,12:29 PM,good,"","","",""
2023-12-28,December 28,Thursday,9:27 AM,good,"","","",""
2023-12-27,December 27,Wednesday,9:10 AM,good,"","","",""
2023-12-26,December 26,Tuesday,7:46 PM,bad,"","","",""
2023-12-26,December 26,Tuesday,12:31 PM,meh,"","","",""
2023-12-26,December 26,Tuesday,9:13 AM,good,"","","",""
2023-12-25,December 25,Monday,8:46 PM,good,"","","",""
2023-12-25,December 25,Monday,12:48 PM,rad,"family | friends","","",""
2023-12-24,December 24,Sunday,3:29 PM,bad,"","","",""
2023-12-24,December 24,Sunday,12:44 PM,good,"","","",""
2023-12-24,December 24,Sunday,9:00 AM,good,"","","",""
2023-12-23,December 23,Saturday,7:52 PM,good,"","","",""
2023-12-23,December 23,Saturday,3:51 PM,good,"","","",""
2023-12-23,December 23,Saturday,10:46 AM,good,"","","",""
2023-12-22,December 22,Friday,7:51 PM,good,"","","",""
2023-12-22,December 22,Friday,4:57 PM,good,"","","",""
2023-12-22,December 22,Friday,12:00 PM,rad,"Bryan","","",""
2023-12-22,December 22,Friday,8:00 AM,rad,"Bryan","","",""
2023-12-21,December 21,Thursday,7:00 PM,good,"","","",""
2023-12-21,December 21,Thursday,1:19 PM,good,"","","",""
2023-12-21,December 21,Thursday,9:02 AM,good,"","","",""
2023-12-20,December 20,Wednesday,8:34 PM,bad,"","","",""
2023-12-20,December 20,Wednesday,4:54 PM,good,"","","",""
2023-12-19,December 19,Tuesday,7:09 PM,meh,"","","",""
2023-12-19,December 19,Tuesday,2:14 PM,meh,"","","",""
2023-12-19,December 19,Tuesday,10:22 AM,good,"","","",""
2023-12-18,December 18,Monday,7:00 PM,good,"","","",""
2023-12-18,December 18,Monday,12:30 PM,good,"","","",""
2023-12-18,December 18,Monday,9:25 AM,meh,"","","",""
2023-12-17,December 17,Sunday,2:52 PM,bad,"","","",""
2023-12-16,December 16,Saturday,7:07 PM,meh,"","","",""
2023-12-16,December 16,Saturday,5:39 PM,awful,"","","",""
2023-12-16,December 16,Saturday,9:01 AM,good,"","","",""
2023-12-15,December 15,Friday,10:33 PM,awful,"","","",""
2023-12-15,December 15,Friday,12:56 PM,good,"","","",""
2023-12-15,December 15,Friday,9:45 AM,meh,"","","",""
2023-12-14,December 14,Thursday,8:49 PM,bad,"","","",""
2023-12-14,December 14,Thursday,12:31 PM,good,"","","",""
2023-12-14,December 14,Thursday,9:36 AM,meh,"","","",""
2023-12-13,December 13,Wednesday,9:15 PM,meh,"","","",""
2023-12-13,December 13,Wednesday,1:28 PM,meh,"","","",""
2023-12-13,December 13,Wednesday,12:08 PM,meh,"","","",""
2023-12-12,December 12,Tuesday,9:29 PM,good,"","","",""
2023-12-12,December 12,Tuesday,1:24 PM,meh,"","","",""
2023-12-12,December 12,Tuesday,11:21 AM,good,"","","",""
2023-12-11,December 11,Monday,7:16 PM,good,"","","",""
2023-12-11,December 11,Monday,9:36 AM,good,"","","",""
2023-12-10,December 10,Sunday,7:02 PM,good,"","","",""
2023-12-10,December 10,Sunday,11:20 AM,good,"","","",""
2023-12-09,December 9,Saturday,7:00 PM,bad,"","","",""
2023-12-09,December 9,Saturday,12:30 PM,good,"","","",""
2023-12-09,December 9,Saturday,10:56 AM,good,"","","",""
2023-12-08,December 8,Friday,7:00 PM,good,"","","",""
2023-12-08,December 8,Friday,12:42 PM,good,"","","",""
2023-12-08,December 8,Friday,9:27 AM,good,"Dogs","","",""
2023-12-07,December 7,Thursday,7:05 PM,good,"","","",""
2023-12-07,December 7,Thursday,1:21 PM,good,"","","",""
2023-12-07,December 7,Thursday,8:34 AM,good,"","","",""
2023-12-06,December 6,Wednesday,4:07 PM,meh,"","","",""
2023-12-05,December 5,Tuesday,7:38 PM,awful,"","","",""
2023-12-05,December 5,Tuesday,12:33 PM,meh,"","","",""
2023-12-04,December 4,Monday,7:28 PM,meh,"","","",""
2023-12-04,December 4,Monday,12:42 PM,meh,"","","",""
2023-12-03,December 3,Sunday,7:00 PM,meh,"","","",""
2023-12-03,December 3,Sunday,2:48 PM,meh,"","","",""
2023-12-03,December 3,Sunday,11:54 AM,good,"","","",""
2023-12-02,December 2,Saturday,8:14 PM,good,"","","",""
2023-12-02,December 2,Saturday,12:30 PM,good,"","","",""
2023-12-02,December 2,Saturday,12:09 PM,good,"","","",""
2023-12-01,December 1,Friday,7:04 PM,rad,"Bryan","","",""
2023-12-01,December 1,Friday,12:34 PM,good,"","","",""
2023-12-01,December 1,Friday,10:23 AM,good,"","","",""
2023-11-30,November 30,Thursday,7:00 PM,good,"","","",""
2023-11-30,November 30,Thursday,12:39 PM,good,"","","",""
2023-11-30,November 30,Thursday,11:31 AM,good,"","","",""
2023-11-29,November 29,Wednesday,7:03 PM,meh,"","","",""
2023-11-29,November 29,Wednesday,12:30 PM,meh,"","","",""
2023-11-29,November 29,Wednesday,9:07 AM,meh,"","","",""
2023-11-28,November 28,Tuesday,7:45 PM,awful,"","","",""
2023-11-28,November 28,Tuesday,1:24 PM,meh,"","","",""
2023-11-27,November 27,Monday,8:15 PM,bad,"","","",""
2023-11-27,November 27,Monday,1:51 PM,meh,"","","",""
2023-11-26,November 26,Sunday,7:00 PM,awful,"Bryan | Lonely/Isolating | BPD | cleaning | laundry","","",""
2023-11-26,November 26,Sunday,1:22 PM,meh,"","","",""
2023-11-26,November 26,Sunday,9:58 AM,meh,"","","",""
2023-11-25,November 25,Saturday,7:15 PM,bad,"","","",""
2023-11-25,November 25,Saturday,1:01 PM,good,"","","",""
2023-11-25,November 25,Saturday,9:30 AM,meh,"","","",""
2023-11-24,November 24,Friday,7:00 PM,bad,"","","",""
2023-11-24,November 24,Friday,12:30 PM,meh,"","","",""
2023-11-24,November 24,Friday,9:49 AM,good,"","","",""
2023-11-23,November 23,Thursday,9:32 PM,good,"","","",""
2023-11-23,November 23,Thursday,1:12 PM,good,"","","",""
2023-11-23,November 23,Thursday,9:35 AM,meh,"","","",""
2023-11-22,November 22,Wednesday,7:09 PM,meh,"","","",""
2023-11-22,November 22,Wednesday,11:59 AM,good,"","","",""
2023-11-21,November 21,Tuesday,7:12 PM,good,"","","",""
2023-11-21,November 21,Tuesday,1:13 PM,good,"","","",""
2023-11-21,November 21,Tuesday,9:07 AM,good,"","","",""
2023-11-20,November 20,Monday,7:00 PM,bad,"","","",""
2023-11-20,November 20,Monday,1:10 PM,bad,"","","",""
2023-11-20,November 20,Monday,10:29 AM,meh,"","","",""
2023-11-19,November 19,Sunday,7:28 PM,meh,"","","",""
2023-11-19,November 19,Sunday,12:34 PM,good,"","","",""
2023-11-19,November 19,Sunday,11:54 AM,meh,"","","",""
2023-11-18,November 18,Saturday,12:30 PM,good,"","","",""
2023-11-17,November 17,Friday,9:00 AM,good,"","","",""
2023-11-16,November 16,Thursday,7:00 PM,good,"","","",""
2023-11-16,November 16,Thursday,12:37 PM,rad,"","","",""
2023-11-16,November 16,Thursday,9:03 AM,good,"","","",""
2023-11-15,November 15,Wednesday,7:05 PM,good,"","","",""
2023-11-15,November 15,Wednesday,12:51 PM,good,"","","","I haven't taken my medicine yet. Going to do that. If I feel worse, I have a suspicion it's Lamictal..."
2023-11-14,November 14,Tuesday,7:48 PM,good,"","","",""
2023-11-14,November 14,Tuesday,10:34 AM,good,"","","",""
2023-11-13,November 13,Monday,8:40 PM,bad,"","","",""
2023-11-13,November 13,Monday,12:30 PM,meh,"","","",""
2023-11-13,November 13,Monday,9:49 AM,meh,"","","",""
2023-11-12,November 12,Sunday,7:40 PM,awful,"","","",""
2023-11-12,November 12,Sunday,12:47 PM,meh,"","","",""
2023-11-11,November 11,Saturday,7:11 PM,good,"","","",""
2023-11-11,November 11,Saturday,2:24 PM,bad,"","","",""
2023-11-11,November 11,Saturday,12:32 PM,good,"","","",""
2023-11-11,November 11,Saturday,11:11 AM,meh,"","","",""
2023-11-10,November 10,Friday,6:04 PM,meh,"","","",""
2023-11-10,November 10,Friday,9:42 AM,good,"","","",""
2023-11-09,November 9,Thursday,7:03 PM,good,"","","",""
2023-11-09,November 9,Thursday,12:32 PM,good,"","","",""
2023-11-09,November 9,Thursday,9:00 AM,good,"","","",""
2023-11-08,November 8,Wednesday,7:05 PM,rad,"Therapy","","",""
2023-11-08,November 8,Wednesday,12:38 PM,good,"","","",""
2023-11-08,November 8,Wednesday,10:23 AM,good,"","","",""
2023-11-07,November 7,Tuesday,8:34 PM,good,"","","",""
2023-11-07,November 7,Tuesday,9:09 AM,good,"","","",""
2023-11-06,November 6,Monday,7:05 PM,meh,"","","",""
2023-11-06,November 6,Monday,12:43 PM,good,"","","",""
2023-11-06,November 6,Monday,9:00 AM,good,"","","",""
2023-11-05,November 5,Sunday,7:41 PM,meh,"","","",""
2023-11-05,November 5,Sunday,2:07 PM,meh,"","","",""
2023-11-04,November 4,Saturday,7:06 PM,good,"","","",""
2023-11-04,November 4,Saturday,6:11 PM,good,"","","",""
2023-11-03,November 3,Friday,10:12 PM,rad,"","","",""
2023-11-03,November 3,Friday,12:36 PM,good,"","","",""
2023-11-03,November 3,Friday,9:25 AM,good,"","","",""
2023-11-02,November 2,Thursday,7:00 PM,good,"","","",""
2023-11-01,November 1,Wednesday,1:05 PM,meh,"","","",""
2023-11-01,November 1,Wednesday,10:48 AM,good,"","","",""
2023-10-31,October 31,Tuesday,9:30 PM,good,"","","",""
2023-10-31,October 31,Tuesday,12:44 PM,good,"","","",""
2023-10-31,October 31,Tuesday,9:19 AM,good,"","","",""
2023-10-30,October 30,Monday,10:49 PM,good,"","","",""
2023-10-30,October 30,Monday,12:37 PM,good,"","","",""
2023-10-30,October 30,Monday,9:04 AM,meh,"","","",""
2023-10-29,October 29,Sunday,7:56 PM,bad,"","","",""
2023-10-29,October 29,Sunday,12:20 PM,good,"","","",""
2023-10-28,October 28,Saturday,7:00 PM,good,"","","",""
2023-10-28,October 28,Saturday,12:53 PM,rad,"","","",""
2023-10-28,October 28,Saturday,10:09 AM,good,"","","",""
2023-10-27,October 27,Friday,7:28 PM,good,"friends","","",""
2023-10-27,October 27,Friday,2:53 PM,meh,"","","",""
2023-10-26,October 26,Thursday,1:20 PM,awful,"","","",""
2023-10-25,October 25,Wednesday,7:18 PM,awful,"","","",""
2023-10-25,October 25,Wednesday,12:51 PM,bad,"","","",""
2023-10-25,October 25,Wednesday,9:57 AM,good,"","","",""
2023-10-24,October 24,Tuesday,12:49 PM,meh,"","","",""
2023-10-23,October 23,Monday,10:54 PM,meh,"","","",""
2023-10-23,October 23,Monday,7:00 PM,meh,"","","",""
2023-10-22,October 22,Sunday,8:41 PM,meh,"","","",""
2023-10-22,October 22,Sunday,12:35 PM,good,"","","",""
2023-10-22,October 22,Sunday,9:10 AM,good,"","","",""
2023-10-21,October 21,Saturday,7:01 PM,good,"","","",""
2023-10-21,October 21,Saturday,12:33 PM,good,"","","",""
2023-10-21,October 21,Saturday,9:23 AM,good,"","","",""
2023-10-20,October 20,Friday,8:17 PM,rad,"Bryan","","",""
2023-10-20,October 20,Friday,3:22 PM,rad,"Bryan","","",""
2023-10-20,October 20,Friday,9:00 AM,good,"","","",""
2023-10-19,October 19,Thursday,7:40 PM,good,"","","",""
2023-10-19,October 19,Thursday,1:51 PM,good,"","","",""
2023-10-18,October 18,Wednesday,7:19 PM,good,"","","",""
2023-10-18,October 18,Wednesday,12:41 PM,meh,"","","",""
2023-10-18,October 18,Wednesday,11:00 AM,meh,"","","",""
2023-10-17,October 17,Tuesday,7:00 PM,meh,"","","",""
2023-10-17,October 17,Tuesday,12:30 PM,meh,"","","",""
2023-10-17,October 17,Tuesday,9:12 AM,meh,"","","",""
2023-10-16,October 16,Monday,7:23 PM,awful,"","","",""
2023-10-15,October 15,Sunday,7:51 PM,bad,"","","",""
2023-10-14,October 14,Saturday,7:00 PM,meh,"","","",""
2023-10-13,October 13,Friday,7:00 PM,meh,"","","",""
2023-10-12,October 12,Thursday,7:33 PM,bad,"","","",""
2023-10-12,October 12,Thursday,12:47 PM,meh,"","","",""
2023-10-12,October 12,Thursday,5:34 AM,good,"","","",""
2023-10-11,October 11,Wednesday,7:00 PM,good,"","","",""
2023-10-10,October 10,Tuesday,10:44 PM,meh,"","","",""
2023-10-10,October 10,Tuesday,7:02 PM,good,"Therapy","","",""
2023-10-10,October 10,Tuesday,10:59 AM,good,"","","",""
2023-10-09,October 9,Monday,7:09 PM,good,"","","",""
2023-10-08,October 8,Sunday,7:00 PM,awful,"Bryan","","",""
2023-10-08,October 8,Sunday,1:25 PM,meh,"","","",""
2023-10-08,October 8,Sunday,9:25 AM,good,"","","",""
2023-10-07,October 7,Saturday,7:48 PM,meh,"","","",""
2023-10-07,October 7,Saturday,1:39 PM,bad,"","","",""
2023-10-07,October 7,Saturday,9:00 AM,meh,"","","",""
2023-10-06,October 6,Friday,11:15 PM,bad,"","","",""
2023-10-06,October 6,Friday,10:22 AM,good,"","","",""
2023-10-05,October 5,Thursday,11:50 PM,good,"","","",""
2023-10-04,October 4,Wednesday,11:03 PM,good,"","","",""
2023-10-04,October 4,Wednesday,12:30 PM,meh,"","","",""
2023-10-04,October 4,Wednesday,9:48 AM,good,"","","",""
2023-10-03,October 3,Tuesday,7:00 PM,good,"","","",""
2023-10-02,October 2,Monday,7:01 PM,meh,"","","",""
2023-10-01,October 1,Sunday,7:12 PM,rad,"","","",""
2023-10-01,October 1,Sunday,1:25 PM,good,"","","",""
2023-10-01,October 1,Sunday,10:03 AM,meh,"","","",""
2023-09-30,September 30,Saturday,10:36 AM,meh,"","","",""
2023-09-29,September 29,Friday,8:03 PM,rad,"Bryan","","",""
2023-09-29,September 29,Friday,1:05 PM,good,"","","",""
2023-09-28,September 28,Thursday,11:28 PM,bad,"","","",""
2023-09-28,September 28,Thursday,1:39 PM,good,"","","",""
2023-09-28,September 28,Thursday,9:06 AM,good,"","","",""
2023-09-27,September 27,Wednesday,7:16 PM,good,"","","",""
2023-09-27,September 27,Wednesday,10:25 AM,meh,"","","",""
2023-09-26,September 26,Tuesday,7:38 PM,meh,"Painting","","",""
2023-09-26,September 26,Tuesday,12:30 PM,meh,"","","",""
2023-09-26,September 26,Tuesday,9:00 AM,good,"","","",""
2023-09-25,September 25,Monday,7:05 PM,meh,"","","",""
2023-09-24,September 24,Sunday,4:39 PM,bad,"","","",""
2023-09-23,September 23,Saturday,12:57 PM,meh,"","","",""
2023-09-22,September 22,Friday,4:53 PM,rad,"Bryan","","",""
2023-09-22,September 22,Friday,12:02 PM,good,"","","",""
2023-09-21,September 21,Thursday,7:00 PM,bad,"","","",""
2023-09-21,September 21,Thursday,1:30 PM,good,"","","",""
2023-09-21,September 21,Thursday,9:37 AM,good,"","","",""
2023-09-20,September 20,Wednesday,7:44 PM,rad,"family | friends","","",""
2023-09-20,September 20,Wednesday,2:17 PM,good,"","","",""
2023-09-20,September 20,Wednesday,9:03 AM,good,"","","",""
2023-09-19,September 19,Tuesday,7:05 PM,rad,"","","","Probably because I took 3 7.5 mg Norco..."
2023-09-19,September 19,Tuesday,12:30 PM,meh,"","","",""
2023-09-19,September 19,Tuesday,9:24 AM,good,"","","",""
2023-09-18,September 18,Monday,7:37 PM,meh,"","","",""
2023-09-18,September 18,Monday,1:02 PM,good,"","","",""
2023-09-17,September 17,Sunday,7:00 PM,good,"","","",""
2023-09-17,September 17,Sunday,12:57 PM,good,"","","",""
2023-09-16,September 16,Saturday,7:15 PM,good,"","","",""
2023-09-16,September 16,Saturday,10:44 AM,good,"Walking","","",""
2023-09-15,September 15,Friday,7:24 PM,meh,"","","",""
2023-09-15,September 15,Friday,12:55 PM,meh,"","","",""
2023-09-14,September 14,Thursday,7:00 PM,meh,"","","",""
2023-09-13,September 13,Wednesday,7:20 PM,meh,"","","",""
2023-09-13,September 13,Wednesday,12:33 PM,good,"","","",""
2023-09-12,September 12,Tuesday,12:36 PM,awful,"","","",""
2023-09-12,September 12,Tuesday,9:10 AM,meh,"","","",""
2023-09-11,September 11,Monday,7:13 PM,good,"","","",""
2023-09-10,September 10,Sunday,7:38 PM,awful,"","","",""
2023-09-10,September 10,Sunday,10:38 AM,rad,"","","",""
2023-09-09,September 9,Saturday,9:30 PM,bad,"Men","","",""
2023-09-09,September 9,Saturday,7:00 PM,good,"","","",""
2023-09-09,September 9,Saturday,9:01 AM,meh,"","","","Feeling pretty groggy this morning"
2023-09-08,September 8,Friday,10:48 PM,rad,"friends | Bryan","","",""
2023-09-08,September 8,Friday,1:13 PM,good,"","","",""
2023-09-08,September 8,Friday,10:41 AM,good,"","","",""
2023-09-07,September 7,Thursday,9:03 PM,good,"friends","","","Kidney stone pain is gone. For now. Had a visit with Andrew. Feeling pretty good."
2023-09-07,September 7,Thursday,1:42 PM,rad,"family | friends","","","Got home from ER. Feeling great probably from the Norco. Talking to Tripp. It's very very very very weird doing that... It's kind of bringing up old feelings and memories..."
2023-09-07,September 7,Thursday,9:49 AM,bad,"","","","3.5 mm kidney stone in my ureter. Fun."
2023-09-07,September 7,Thursday,2:41 AM,good,"","","","Tripp unexpectedly (and I think accidentally) started a Spotify playlist with me. I'm not sure, but I think it's songs about how he feels about his ex... Nevertheless, I like hearing music he likes. (I think I still have feelings for him... 😬)"
2023-09-06,September 6,Wednesday,8:02 PM,bad,"","","",""
2023-09-06,September 6,Wednesday,9:22 AM,rad,"","","","Can't seem to wake up this morning..."
2023-09-05,September 5,Tuesday,7:00 PM,rad,"friends | Ketamine infusion","","",""
2023-09-05,September 5,Tuesday,12:30 PM,good,"","","",""
2023-09-05,September 5,Tuesday,9:13 AM,good,"","","",""
2023-09-04,September 4,Monday,7:21 PM,rad,"","","",""
2023-09-04,September 4,Monday,1:10 PM,rad,"family | shopping","","","Getting a brand new Civic hatchback!!!"
2023-09-04,September 4,Monday,9:01 AM,good,"","","",""
2023-09-03,September 3,Sunday,9:11 PM,good,"","","","Feeling mixed"
2023-09-03,September 3,Sunday,11:00 AM,good,"","","",""
2023-09-03,September 3,Sunday,10:55 AM,bad,"","","",""
2023-09-02,September 2,Saturday,7:00 PM,meh,"","","",""
2023-09-02,September 2,Saturday,12:30 PM,good,"family","","",""
2023-09-02,September 2,Saturday,9:02 AM,meh,"","","",""
2023-09-01,September 1,Friday,7:05 PM,meh,"","","",""
2023-09-01,September 1,Friday,12:30 PM,good,"","","",""
2023-09-01,September 1,Friday,11:29 AM,good,"family | Dogs","","",""
2023-08-31,August 31,Thursday,8:22 PM,bad,"","","","I don't know where I stand with Thomas... I wish he would be open with me."
2023-08-31,August 31,Thursday,12:32 PM,good,"","","",""
2023-08-31,August 31,Thursday,9:57 AM,good,"","","",""
2023-08-30,August 30,Wednesday,7:31 PM,good,"family | friends | Dogs | Painting","","",""
2023-08-30,August 30,Wednesday,12:26 PM,awful,"","","",""
2023-08-29,August 29,Tuesday,3:37 PM,bad,"","","",""
2023-08-29,August 29,Tuesday,11:51 AM,bad,"","","",""
2023-08-28,August 28,Monday,7:36 PM,good,"","","",""
2023-08-28,August 28,Monday,1:20 PM,meh,"","","",""
2023-08-28,August 28,Monday,12:13 PM,meh,"","","",""
2023-08-27,August 27,Sunday,7:21 PM,good,"family | friends","","",""
2023-08-27,August 27,Sunday,1:46 PM,bad,"","","",""
2023-08-27,August 27,Sunday,12:30 PM,good,"","","",""
2023-08-27,August 27,Sunday,9:07 AM,good,"","","",""
2023-08-26,August 26,Saturday,7:01 PM,bad,"","","",""
2023-08-26,August 26,Saturday,12:40 PM,meh,"","","",""
2023-08-26,August 26,Saturday,10:24 AM,good,"","","",""
2023-08-25,August 25,Friday,8:26 PM,bad,"","","",""
2023-08-25,August 25,Friday,4:52 PM,bad,"","","",""
2023-08-25,August 25,Friday,2:41 PM,good,"friends","","",""
2023-08-25,August 25,Friday,9:00 AM,meh,"","","",""
2023-08-24,August 24,Thursday,7:24 PM,bad,"","","",""
2023-08-24,August 24,Thursday,12:30 PM,good,"","","",""
2023-08-23,August 23,Wednesday,7:29 PM,awful,"","","",""
2023-08-23,August 23,Wednesday,12:34 PM,good,"","","",""
2023-08-23,August 23,Wednesday,9:46 AM,good,"Bryan","","","Thomas actually messaged me ""good morning"" today! I must not be driving him away after all! 😂 I'm so paranoid about that... THANKS BORDERLINE!!!<br><br>Oh and I took, I think, 2 or 3 capsules of the supplement."
2023-08-22,August 22,Tuesday,7:00 PM,bad,"","","",""
2023-08-22,August 22,Tuesday,3:10 PM,meh,"","","",""
2023-08-22,August 22,Tuesday,9:06 AM,meh,"","","",""
2023-08-21,August 21,Monday,7:00 PM,meh,"","","",""
2023-08-21,August 21,Monday,5:30 PM,awful,"","","",""
2023-08-21,August 21,Monday,12:30 PM,good,"friends","","",""
2023-08-21,August 21,Monday,7:30 AM,meh,"","","",""
2023-08-20,August 20,Sunday,7:00 PM,meh,"","","",""
2023-08-20,August 20,Sunday,3:07 PM,meh,"","","",""
2023-08-19,August 19,Saturday,7:34 PM,bad,"","","",""
2023-08-19,August 19,Saturday,3:00 PM,bad,"","","",""
2023-08-19,August 19,Saturday,12:32 PM,rad,"","","",""
2023-08-19,August 19,Saturday,9:00 AM,good,"family | Dogs","","",""
2023-08-18,August 18,Friday,7:00 PM,good,"family | friends","","",""
2023-08-17,August 17,Thursday,7:00 PM,bad,"","","",""
2023-08-17,August 17,Thursday,3:57 PM,meh,"","","",""
2023-08-16,August 16,Wednesday,7:17 PM,meh,"","","",""
2023-08-15,August 15,Tuesday,7:11 PM,good,"","","",""
2023-08-15,August 15,Tuesday,2:00 PM,bad,"family","","",""
2023-08-15,August 15,Tuesday,12:33 PM,good,"","","",""
2023-08-14,August 14,Monday,10:39 PM,rad,"","","",""
2023-08-14,August 14,Monday,7:03 PM,good,"","","",""
2023-08-14,August 14,Monday,12:55 PM,good,"","","",""
2023-08-14,August 14,Monday,9:00 AM,good,"","","",""
2023-08-13,August 13,Sunday,7:00 PM,meh,"","","",""
2023-08-13,August 13,Sunday,1:54 PM,good,"family | friends","","","Went to Buc-ee's with Brian and Chris"
2023-08-13,August 13,Sunday,11:48 AM,meh,"","","",""
2023-08-12,August 12,Saturday,7:00 PM,awful,"","","","Thomas wants to be just friends..."
2023-08-12,August 12,Saturday,4:00 PM,good,"Therapy","","",""
2023-08-12,August 12,Saturday,12:53 PM,awful,"","","","Thomas just told me he wants to remain monogamous with his relationship."
2023-08-12,August 12,Saturday,12:04 PM,bad,"","","","I want to hang out with Thomas, but I don't hear from him. I don't know what to do. I'm so so sad."
2023-08-12,August 12,Saturday,10:48 AM,good,"","","",""
2023-08-11,August 11,Friday,7:19 PM,meh,"","","",""
2023-08-10,August 10,Thursday,7:14 PM,bad,"","","",""
2023-08-10,August 10,Thursday,12:51 PM,good,"","","",""
2023-08-10,August 10,Thursday,9:32 AM,good,"","","",""
2023-08-09,August 9,Wednesday,7:04 PM,good,"family | friends","","",""
2023-08-09,August 9,Wednesday,2:53 PM,meh,"","","",""
2023-08-08,August 8,Tuesday,1:27 PM,meh,"","","",""
2023-08-08,August 8,Tuesday,9:18 AM,good,"","","",""
2023-08-07,August 7,Monday,12:32 PM,good,"","","",""
2023-08-07,August 7,Monday,9:18 AM,good,"","","",""
2023-08-06,August 6,Sunday,7:20 PM,rad,"","","",""
2023-08-06,August 6,Sunday,1:37 PM,bad,"","","",""
2023-08-06,August 6,Sunday,12:58 PM,good,"","","",""
2023-08-06,August 6,Sunday,9:59 AM,meh,"","","",""
2023-08-05,August 5,Saturday,11:06 PM,bad,"Bryan","","",""
2023-08-05,August 5,Saturday,7:52 PM,meh,"","","",""
2023-08-05,August 5,Saturday,12:30 PM,good,"family | friends","","",""
2023-08-05,August 5,Saturday,9:00 AM,awful,"","","",""
2023-08-04,August 4,Friday,7:00 PM,bad,"","","",""
2023-08-04,August 4,Friday,1:25 PM,meh,"","","",""
2023-08-04,August 4,Friday,9:11 AM,good,"","","",""
2023-08-03,August 3,Thursday,7:10 PM,bad,"","","",""
2023-08-03,August 3,Thursday,1:27 PM,bad,"","","",""
2023-08-03,August 3,Thursday,9:00 AM,meh,"","","",""
2023-08-02,August 2,Wednesday,11:59 PM,meh,"","","",""
2023-08-02,August 2,Wednesday,7:11 PM,meh,"","","",""
2023-08-02,August 2,Wednesday,1:22 PM,meh,"","","",""
2023-08-01,August 1,Tuesday,1:22 PM,meh,"","","",""
2023-07-31,July 31,Monday,7:37 PM,meh,"","","",""
2023-07-31,July 31,Monday,3:40 PM,meh,"","","",""
2023-07-31,July 31,Monday,9:11 AM,bad,"","","",""
2023-07-30,July 30,Sunday,8:11 PM,bad,"","","",""
2023-07-30,July 30,Sunday,1:24 PM,bad,"","","",""
2023-07-29,July 29,Saturday,8:27 PM,bad,"","","","Overnight things and realizing that I am developing feelings for Thomas when he's in an open relationship, not a polyamorous relationship... That's what he meant when he said he's in ""friendship mode."" But... I'm glad to at least be friends with him. He's a cool guy. I'm just afraid of finding myself in another Bryan situation."
2023-07-29,July 29,Saturday,4:30 PM,rad,"","","",""
2023-07-29,July 29,Saturday,12:30 PM,bad,"","","",""
2023-07-29,July 29,Saturday,9:42 AM,good,"","","",""
2023-07-28,July 28,Friday,9:31 PM,meh,"","","",""
2023-07-28,July 28,Friday,2:23 PM,good,"","","",""
2023-07-28,July 28,Friday,8:38 AM,good,"","","",""
2023-07-27,July 27,Thursday,7:44 PM,meh,"","","",""
2023-07-27,July 27,Thursday,2:36 PM,meh,"","","",""
2023-07-27,July 27,Thursday,9:35 AM,rad,"friends","","",""
2023-07-26,July 26,Wednesday,8:03 PM,good,"friends","","",""
2023-07-26,July 26,Wednesday,1:08 PM,meh,"","","",""
2023-07-25,July 25,Tuesday,6:08 PM,good,"","","",""
2023-07-25,July 25,Tuesday,3:12 PM,good,"","","",""
2023-07-24,July 24,Monday,7:04 PM,good,"","","",""
2023-07-24,July 24,Monday,12:43 PM,rad,"friends","","",""
2023-07-23,July 23,Sunday,11:11 PM,rad,"date","","",""
2023-07-23,July 23,Sunday,7:08 PM,rad,"date","","",""
2023-07-23,July 23,Sunday,12:48 PM,good,"","","",""
2023-07-23,July 23,Sunday,9:00 AM,good,"","","",""
2023-07-22,July 22,Saturday,7:02 PM,meh,"","","",""
2023-07-22,July 22,Saturday,3:41 PM,good,"family","","",""
2023-07-22,July 22,Saturday,10:27 AM,good,"Bryan","","",""
2023-07-21,July 21,Friday,4:53 PM,good,"friends","","",""
2023-07-21,July 21,Friday,12:30 PM,meh,"","","",""
2023-07-20,July 20,Thursday,7:00 PM,awful,"","","",""
2023-07-19,July 19,Wednesday,8:03 PM,awful,"","","",""
2023-07-19,July 19,Wednesday,12:50 PM,meh,"","","",""
2023-07-18,July 18,Tuesday,8:15 PM,meh,"","","",""
2023-07-18,July 18,Tuesday,6:01 PM,bad,"","","",""
2023-07-18,July 18,Tuesday,3:23 PM,meh,"","","",""
2023-07-18,July 18,Tuesday,9:00 AM,meh,"","","",""
2023-07-17,July 17,Monday,7:39 PM,meh,"","","",""
2023-07-17,July 17,Monday,11:31 AM,meh,"","","",""
2023-07-17,July 17,Monday,8:23 AM,bad,"","","",""
2023-07-16,July 16,Sunday,7:01 PM,good,"","","",""
2023-07-16,July 16,Sunday,12:30 PM,good,"","","",""
2023-07-16,July 16,Sunday,9:26 AM,good,"","","",""
2023-07-15,July 15,Saturday,11:00 PM,rad,"","","",""
2023-07-15,July 15,Saturday,1:27 PM,good,"","","",""
2023-07-14,July 14,Friday,8:12 PM,awful,"Bryan","","",""
2023-07-14,July 14,Friday,5:48 AM,bad,"","","",""
2023-07-13,July 13,Thursday,11:00 PM,rad,"","","",""
2023-07-13,July 13,Thursday,7:00 PM,good,"","","",""
2023-07-12,July 12,Wednesday,11:40 PM,good,"Bryan","","",""
2023-07-12,July 12,Wednesday,3:05 PM,rad,"Ketamine infusion","","",""
2023-07-12,July 12,Wednesday,9:03 AM,meh,"","","",""
2023-07-11,July 11,Tuesday,7:00 PM,bad,"Bryan","","",""
2023-07-11,July 11,Tuesday,1:07 PM,good,"","","",""
2023-07-11,July 11,Tuesday,9:00 AM,bad,"Bryan","","",""
2023-07-10,July 10,Monday,11:25 PM,good,"Bryan","","",""
2023-07-10,July 10,Monday,8:09 PM,awful,"Bryan","","",""
2023-07-10,July 10,Monday,6:49 PM,awful,"Bryan","","",""
2023-07-10,July 10,Monday,12:49 PM,awful,"Bryan | Zero sleep","","","I am a failure. I am in debt. I'm never getting out. Bryan is going to get with Amanda. I have no way to cope. I should kill myself. I'm living off Mom's suicidal security and retirement check and draining her and everyone of their resources—financial, emotional, physical, everything... I'm not for this world. I should never have been brought into this world."
2023-07-09,July 9,Sunday,8:52 PM,bad,"Bryan","","",""
2023-07-09,July 9,Sunday,12:30 PM,meh,"Bryan","","","We're actually going to play Pokemon go today. He actually called me after he left Amanda's. He did get high but he actually woke up in a timely manner and is going to meet me today to play Pokemon go. I am actually surprised. Pleasantly surprised. But I'm very happy to meet him."
2023-07-09,July 9,Sunday,9:00 AM,bad,"Bryan","","","Why do I have to be so jealous about Bryan staying at Amanda's? We *MIGHT* be playing Pokémon Go today, but I highly doubt it because if Bryan spent the night at Amanda's that means that he assuredly got very high... I.... I wonder if they slept together this time finally?.....  My God... My world would be shattered... I would probably go on a self-destructive binge."
2023-07-08,July 8,Saturday,11:50 PM,good,"Bryan","","",""
2023-07-08,July 8,Saturday,2:54 PM,rad,"Bryan","","",""
2023-07-08,July 8,Saturday,12:50 PM,rad,"Bryan","","",""
2023-07-07,July 7,Friday,10:01 PM,rad,"Bryan","","",""
2023-07-07,July 7,Friday,3:29 PM,rad,"Bryan","","",""
2023-07-07,July 7,Friday,9:00 AM,rad,"","","",""
2023-07-06,July 6,Thursday,7:00 PM,awful,"","","",""
2023-07-06,July 6,Thursday,1:20 PM,awful,"Bryan","","",""
2023-07-06,July 6,Thursday,9:02 AM,meh,"","","",""
2023-07-05,July 5,Wednesday,9:16 PM,awful,"Bryan | Technology","","",""
2023-07-05,July 5,Wednesday,12:30 PM,good,"friends","","",""
2023-07-05,July 5,Wednesday,9:00 AM,good,"","","",""
2023-07-04,July 4,Tuesday,7:58 PM,bad,"","","",""
2023-07-04,July 4,Tuesday,12:42 PM,bad,"","","",""
2023-07-04,July 4,Tuesday,9:00 AM,bad,"Bryan","","",""
2023-07-04,July 4,Tuesday,6:49 AM,bad,"Bryan","","",""
2023-07-03,July 3,Monday,12:45 PM,meh,"","","",""
2023-07-02,July 2,Sunday,12:40 PM,meh,"","","",""
2023-07-02,July 2,Sunday,2:56 AM,awful,"Bryan","","",""
2023-07-01,July 1,Saturday,7:14 PM,awful,"","","",""
2023-07-01,July 1,Saturday,12:56 PM,bad,"","","",""
2023-07-01,July 1,Saturday,9:00 AM,good,"","","",""
2023-06-30,June 30,Friday,9:28 PM,good,"Bryan","","",""
2023-06-30,June 30,Friday,7:36 PM,bad,"","","",""
2023-06-30,June 30,Friday,3:30 PM,good,"","","",""
2023-06-30,June 30,Friday,12:39 PM,meh,"","","",""
2023-06-29,June 29,Thursday,7:39 PM,bad,"","","",""
2023-06-29,June 29,Thursday,5:54 PM,bad,"","","",""
2023-06-29,June 29,Thursday,12:31 PM,good,"","","",""
2023-06-29,June 29,Thursday,10:28 AM,meh,"","","",""
2023-06-28,June 28,Wednesday,7:04 PM,good,"","","",""
2023-06-28,June 28,Wednesday,12:59 PM,good,"","","",""
2023-06-28,June 28,Wednesday,11:37 AM,meh,"","","",""
2023-06-27,June 27,Tuesday,7:42 PM,meh,"","","",""
2023-06-27,June 27,Tuesday,3:21 PM,meh,"","","",""
2023-06-27,June 27,Tuesday,11:44 AM,meh,"","","",""
2023-06-26,June 26,Monday,7:12 PM,good,"Bryan","","",""
2023-06-26,June 26,Monday,12:30 PM,bad,"","","",""
2023-06-26,June 26,Monday,10:26 AM,meh,"","","",""
2023-06-25,June 25,Sunday,7:08 PM,bad,"","","",""
2023-06-25,June 25,Sunday,3:08 PM,meh,"","","",""
2023-06-25,June 25,Sunday,12:35 PM,good,"","","",""
2023-06-25,June 25,Sunday,10:52 AM,good,"","","",""
2023-06-24,June 24,Saturday,7:02 PM,meh,"","","",""
2023-06-24,June 24,Saturday,12:57 PM,good,"Bryan","","",""
2023-06-24,June 24,Saturday,9:00 AM,rad,"Bryan","","",""
2023-06-23,June 23,Friday,7:12 PM,rad,"Bryan","","",""
2023-06-22,June 22,Thursday,7:12 PM,good,"","","",""
2023-06-22,June 22,Thursday,2:30 PM,good,"","","",""
2023-06-21,June 21,Wednesday,7:57 PM,good,"Bryan","","",""
2023-06-21,June 21,Wednesday,6:13 PM,bad,"Bryan","","","Bryan is at Amanda's house. He hasn't talked to me yet today. At all. Not a word. He messaged the group (with me and Chad) but that's it. Nothing directly to me or responding to me. I am beginning to think that I should yield completely to Amanda in his life."
2023-06-21,June 21,Wednesday,4:06 PM,meh,"","","",""
2023-06-21,June 21,Wednesday,12:30 PM,good,"","","",""
2023-06-20,June 20,Tuesday,9:18 PM,good,"Bryan","","","Had a quick chat with Bryan. Mom isn't doing well... I'm worried about her."
2023-06-20,June 20,Tuesday,7:30 PM,bad,"","","",""
2023-06-20,June 20,Tuesday,6:20 PM,bad,"Bryan","","","Bryan didn't seem too interested in talking to me at all. He had all day to talk to me and was heading out to Heather's for birthday. I doubt I'll get to talk to him when he gets back."
2023-06-20,June 20,Tuesday,1:20 PM,good,"Ketamine infusion","","","Chris was with me. They dosed me a little heavy."
2023-06-20,June 20,Tuesday,8:00 AM,meh,"","","",""
2023-06-19,June 19,Monday,7:25 PM,meh,"","","","Didn't get to talk to Bryan, but he promised he would spend the night this weekend. I hope he keeps his promise. I'm trying to ease up on wanting to talk to Bryan every single evening. Hopefully that will cut him some slack and maybe he'll want to hang out with me on the weekends more."
2023-06-19,June 19,Monday,12:38 PM,meh,"","","",""
2023-06-19,June 19,Monday,11:13 AM,meh,"Bryan","","","The conversation Bryan and I had last night has left me with some residual sadness. But it was such a fantastic day hanging out with him, it balances out the sadness. I'm just so unmotivated and tired..."
2023-06-18,June 18,Sunday,8:05 PM,good,"Bryan","","","It's complicated and difficult to rate my mood... <br><br>Bryan and I had a good time today... a great time actually...<br><br>But he talked to me about Amanda. It hurt... Really bad... But I want him to be able to talk to me about anything. I wound up crying my eyes out afterwards. He held me while I cried and told me it would be okay. I said I didn't want to be alone. I was afraid he was going to stop seeing me if/when he finds someone. He said he wouldn't never see me, but that I might see him less than I'm used to. Man... It was just a painful conversation, but it needed to be had I think.<br><br>All in all, it was a great visit. I love that man more than life itself. That's barely even hyperbole. Obviously I love my family and everything. But fuck... Bryan is... Just... I almost hate to say this because it's so overlysentimental, but he's almost the world to me... That and I don't want to admit it because if/when he finds someone to be with, then there goes my world...<br><br>But as he said, don't think about what's in the future, enjoy what we have now. It's hard to do, but it's best to do."
2023-06-18,June 18,Sunday,1:02 PM,rad,"Bryan","","",""
2023-06-18,June 18,Sunday,8:00 AM,good,"Bryan","","","Going to go visit Bryan today"
2023-06-17,June 17,Saturday,7:49 PM,good,"","","",""
2023-06-17,June 17,Saturday,12:30 PM,meh,"","","",""
2023-06-17,June 17,Saturday,8:00 AM,meh,"","","",""
2023-06-16,June 16,Friday,7:00 PM,awful,"Bryan","","","Bryan just had a conversation with me before going to Amanda's house... He was confused about things with her. I tried to be objective and give him the best advice for his best interest. It hurt so fucking bad. He acknowledged he has been letting me down so much, yet he has been being there for everyone else but me. I need to tell him tonight (if I get to talk to him) that it's not fucking fair. I asked him if we could talk, and he said he didn't know if we will or not. I said can we please talk. Please? And he said very hesitantly, sure. I said, do you promise? And again, hesitantly, he said, sure. I believe that translates to, ""if I feel like it I'll call you"" or maybe even ""no I'm not going to call you because I'm going to be upset there until 2am and I'm going to bed as soon as I get home."" I'm so goddamn tired of not just taking the backseat to everyone else in his life (not that I want to be number one in his priority, but goddamn I put him high on my list), I'm in the fucking trunk or just half-assed tied to the back on a rickety old trailer. I need to tell him that too..."
2023-06-16,June 16,Friday,12:37 PM,awful,"Bryan","","",""
2023-06-16,June 16,Friday,7:57 AM,bad,"","","","Bryan and I were supposedly going to hang out today but I forgot to confirm with him last night if it was okay. But he fell asleep before I could do that. So fuck me I guess we're not hanging out."
2023-06-15,June 15,Thursday,7:07 PM,good,"Bryan","","","Bryan talked me through a panic attack."
2023-06-15,June 15,Thursday,1:41 PM,good,"","","",""
2023-06-15,June 15,Thursday,7:30 AM,meh,"","","",""
2023-06-14,June 14,Wednesday,7:01 PM,awful,"","","",""
2023-06-14,June 14,Wednesday,2:06 PM,bad,"","","",""
2023-06-14,June 14,Wednesday,9:13 AM,meh,"","","","I got to talk to Bryan on his way to work. That was nice."
2023-06-13,June 13,Tuesday,7:19 PM,bad,"Bryan","","","I think Bryan either fell asleep or is talking to Amanda or was talking to her and then fell asleep. I'm paranoid."
2023-06-13,June 13,Tuesday,1:30 PM,good,"","","","Time is approximate. My appointment with Dr. Teague went well. A1c is 4.7%! Pretty good! Weight is down over 50 lb from this time last year. I'm going to hopefully be able to get at least 10 mg Mounjaro. I still need to go blood work for thyroid."
2023-06-13,June 13,Tuesday,10:46 AM,meh,"","","",""
2023-06-12,June 12,Monday,7:00 PM,meh,"","","","If I could rate my mood in between meh and good I would. I feel I guess closer to meh though I suppose. I don't know whether to attribute it to Bryan or not. He wanted to video chat earlier but only for a little bit. He was going to eat dinner at Amanda's house as she was thanking him for walking her dog and feeding her cats by cooking him dinner. I have a feeling things are going to get serious between them this time. But I need to let go. Bryan doesn't want to live his life with me ""like that."" I guess he just wants to occasionally let me jerk him off or whatever. I wish he still let me suck him off though. That would be nice. But, I am thankful for whatever he lets me do. Last weekend he literally locked the door and pulled his pants down. It surprised the fuck out of me. Anyway. I'm okay. It's going to be okay. No matter what."
2023-06-12,June 12,Monday,5:07 PM,meh,"","","",""
2023-06-12,June 12,Monday,12:30 PM,good,"","","",""
2023-06-12,June 12,Monday,7:00 AM,meh,"","","",""
2023-06-11,June 11,Sunday,9:39 PM,good,"Bryan","","","Well... I mean... I talked to Bryan and things still didn't quite add up, but... Whatever... It's really none of my business, but if he wasn't telling me the truth I wish he had because I want him to be able to trust me. We talked a little bit, but then I started yawning a lot... Fucking hell I hate that. I hope I can sleep tonight because I'm yawning so much."
2023-06-11,June 11,Sunday,7:09 PM,bad,"Bryan","","","Something isn't right... Bryan is at Amanda's house and has been for the last hour and a half. I called about an hour ago I think and he couldn't get off the phone with me quick enough. He told me he was ""just laying here."" Umm, okay? At Amanda's? It looks like he's in her driveway, unless his gps is off... I don't know how I'm going to ask about it..."
2023-06-11,June 11,Sunday,1:00 PM,meh,"","","",""
2023-06-11,June 11,Sunday,9:00 AM,meh,"","","",""
2023-06-10,June 10,Saturday,7:16 PM,bad,"","","",""
2023-06-10,June 10,Saturday,12:30 PM,bad,"","","","Bryan and I were going to hang out, but his family volunteered him to work with his cousin to help build a shed... 🙄"
2023-06-10,June 10,Saturday,9:46 AM,good,"Bryan","","","Last night was a wonderful visit with Bryan."
2023-06-09,June 9,Friday,9:09 PM,rad,"Bryan","","",""
2023-06-09,June 9,Friday,12:33 PM,meh,"","","",""
2023-06-09,June 9,Friday,10:23 AM,meh,"","","",""
2023-06-08,June 8,Thursday,7:06 PM,bad,"","","",""
2023-06-08,June 8,Thursday,9:41 AM,meh,"","","",""
2023-06-07,June 7,Wednesday,8:07 PM,awful,"Bryan","","",""
2023-06-07,June 7,Wednesday,12:40 PM,bad,"family","","",""
2023-06-07,June 7,Wednesday,9:20 AM,meh,"","","",""
2023-06-06,June 6,Tuesday,7:39 PM,rad,"Bryan","","",""
2023-06-06,June 6,Tuesday,1:20 PM,meh,"","","","Feeling... Eh... Tried painting earlier. Managed to do that. Feeling very tearful and anxious. Called Dr. Liu  and asked if she would call in a low, low dose of Zoloft. Meanwhile, I'm going to take Fetzima."
2023-06-06,June 6,Tuesday,9:08 AM,meh,"","","",""
2023-06-05,June 5,Monday,10:09 PM,awful,"Bryan","","","Feeling absolutely dreadful. I'm trying to be understanding. I'm just absolutely torn all up inside. Completely. I'm in pieces. I'm in trouble. I've got problems. I miss Bryan. So much. I'm hung up. Yes. But I miss him more than that. I miss being around him."
2023-06-05,June 5,Monday,6:56 PM,awful,"Bryan","","","Well, I can't get over myself. Bryan is most definitely asleep. I can't get ahold of him. He's asleep for the night. Won't hear from him. Fuck me. Fuck the world. I hate myself and I'm going to die soon."
2023-06-05,June 5,Monday,5:33 PM,meh,"","","","I've been feeling pretty mixed since about 2:30-ish. I started feeling very anxious and dysphoric even. Desperate. I needed to get out. I felt like something horrible was happening or going to happen. All I could think of for some reason was Bryan, but I mean who else have I been thinking of lately? I got out eventually to buy some things.<br><br>My new glasses came... Mom is in immense pain... I'm worried about her. She really pushed herself these last few days. She's now in such pain that she doesn't seem to be feeling good with her mood. I'm worried imipramine isn't going to be a good match for her. I'm also worried Focalin isn't good for her either. I'm worried that stimulants in general are not good for her. I'm worried also about the combination of imipramine and Focalin.<br><br>Man, I sure am worried about a lot... I wonder if I should be on an SSRI or something... Or try Fetzima again... Hmm..."
2023-06-05,June 5,Monday,12:37 PM,bad,"","","","Painted and finished a painting, now varnishing it. I kind of want to take a break, but Mom wants me to paint with her. I am not feeling so great... I think I have forgotten to take my afternoon Dexedrine... I need to do that now... <br><br>Ok just took it...<br><br>I just wish there was some way for Bryan and I to hang out more often. I know he said I'm not infatuated or obsessed with him, but I think I am. I'm definitely definitely hung up on him like he said... That was a recent development. When he had feelings for Amanda the first time around, I was somewhat okay about it. I was sad, yes, but I wasn't freaking out and checking Life360 every time he left the house on the weekend...<br><br>God fucking dammit Michael. Get your fucking shit together."
2023-06-05,June 5,Monday,9:00 AM,good,"","","",""
2023-06-04,June 4,Sunday,8:17 PM,rad,"Bryan","","","I asked Bryan what he would say his sexuality is and he said, ""yes."" 😆🫠"
2023-06-04,June 4,Sunday,4:43 PM,awful,"Bryan","","","Goddamn it... I'm so worried about why Bryan is going back to Amanda's again... Why can't I just fucking let him live his life? He's probably just walking her dogs, but then... Why was he at her house before? Why does it matter? It's his life! Let him live his life! Get the fuck out of his business!"
2023-06-04,June 4,Sunday,1:30 PM,good,"Walking","","","Went for a walk. Felt very nice to get out. Checked the mail. The pool looked very inviting. People were very friendly and waved. I really really really want to talk to Bryan though... We're about to go to eat at Brian's. He's not feeling well. We were going to eat out, but he's still in pain from his surgery. We're going to bring takeout to his house."
2023-06-04,June 4,Sunday,12:30 PM,good,"Bryan","","","Mixed feelings about Bryan. Thinking about a possible dream I had last night about me moving back to Arab and possibly moving in with Bryan (may have been the dream when Bryan told me I was obsessed with him). I know better than to think that he has bad feelings about me or towards me. I know he loves me very much and cares a lot about me. You know what? I started to rate my mood as ""meh"" but I moved it up. I have the best friend in the world in him. No matter what happens. I've got to do my part and get better with my BPD. I owe it to him. Absolutely. I was thinking yesterday or the other day (whenever) about if/when he finds someone to be with who isn't me, then I would just kill myself immediately no questions asked. But I'm thinking now... No... I want to live because I want to continue to enjoy his friendship even without the things I've come to expect along with it. I've got to learn to separate those things from our friendship, to make it a point to do that... Absolutely... I need to remind myself to do that every time he comes over."
2023-06-04,June 4,Sunday,11:56 AM,bad,"Bryan","","","Bryan is at Amanda's house, and I just can't help but wonder what he's up to.... I know he still has feelings for her... I wonder if things are going on between them and he's keeping it from me so I don't lose my shit or something... Ugh I'm probably infatuated with him to an unhealthy degree... In fact, I believe I am. I had a dream last night that he was sitting on the floor next to a bed (dunno whose) and I was just stroking the back of his head and neck, and he said, ""man you're too obsessed with me..."" I think that's trying to say something. I wonder if I should talk to him about it?"
2023-06-04,June 4,Sunday,8:47 AM,good,"","","","Taking my meds"
2023-06-04,June 4,Sunday,5:56 AM,meh,"Bryan","","","Feeling okay. Bryan said he would send me pictures but didn't. He must've forgotten. I slept very well though. I weighed 195.5 lb and am finally < 30% body fat."
2023-06-03,June 3,Saturday,10:00 PM,rad,"Bryan","","",""
2023-06-03,June 3,Saturday,7:00 PM,bad,"","","",""
2023-06-03,June 3,Saturday,2:38 PM,rad,"Bryan","","","I love the fuck out of Bryan so much..."
2023-06-03,June 3,Saturday,12:30 PM,meh,"","","",""
2023-06-03,June 3,Saturday,11:46 AM,awful,"","","",""
2023-06-03,June 3,Saturday,11:40 AM,meh,"","","",""
2023-06-03,June 3,Saturday,9:40 AM,awful,"","","",""
2023-06-02,June 2,Friday,7:31 PM,meh,"","","",""
2023-06-02,June 2,Friday,4:00 PM,bad,"","","",""
2023-06-02,June 2,Friday,9:10 AM,meh,"","","",""
2023-06-01,June 1,Thursday,7:22 PM,bad,"Bryan","","","Bryan promises his niece he'll do stuff with/for her, but he can't promise me anything... Ever... Why is that? Should I ask him? Will he get upset? Do I even have any place to ask that? Will I even get a chance to talk to him tonight because he falls asleep? Probably not.... I'm like 99.99% sure he's not even going to mention coming over tomorrow if I don't, and I bet he's hoping I don't ask, and if I do, he'll just say, ""not this weekend bro..."" like he does..."
2023-06-01,June 1,Thursday,3:55 PM,meh,"","","",""
2023-06-01,June 1,Thursday,10:18 AM,meh,"","","",""
2023-05-31,May 31,Wednesday,7:20 PM,awful,"Bryan","","",""
2023-05-31,May 31,Wednesday,5:01 PM,good,"Bryan","","",""
2023-05-31,May 31,Wednesday,1:34 PM,awful,"Bryan","","",""
2023-05-31,May 31,Wednesday,12:43 PM,bad,"Bryan","","",""
2023-05-31,May 31,Wednesday,8:00 AM,bad,"Bryan","","",""
2023-05-30,May 30,Tuesday,8:30 PM,awful,"Bryan","","",""
2023-05-30,May 30,Tuesday,7:50 PM,meh,"","","",""
2023-05-30,May 30,Tuesday,12:46 PM,good,"family","","",""
2023-05-30,May 30,Tuesday,9:01 AM,good,"","","",""
2023-05-29,May 29,Monday,7:00 PM,awful,"Bryan","","",""
2023-05-29,May 29,Monday,1:15 PM,meh,"","","",""
2023-05-29,May 29,Monday,10:34 AM,bad,"","","",""
2023-05-29,May 29,Monday,9:00 AM,meh,"","","",""
2023-05-28,May 28,Sunday,7:21 PM,bad,"","","",""
2023-05-28,May 28,Sunday,3:25 PM,bad,"Bryan","","",""
2023-05-28,May 28,Sunday,12:30 PM,meh,"","","",""
2023-05-27,May 27,Saturday,7:34 PM,meh,"","","",""
2023-05-27,May 27,Saturday,1:52 PM,meh,"","","",""
2023-05-27,May 27,Saturday,9:34 AM,bad,"Bryan","","",""
2023-05-27,May 27,Saturday,9:00 AM,meh,"","","",""
2023-05-26,May 26,Friday,8:00 PM,good,"Bryan","","",""
2023-05-26,May 26,Friday,12:48 PM,good,"Bryan","","",""
2023-05-26,May 26,Friday,9:38 AM,meh,"","","",""
2023-05-25,May 25,Thursday,7:11 PM,meh,"","","",""
2023-05-25,May 25,Thursday,3:31 PM,meh,"","","",""
2023-05-25,May 25,Thursday,1:03 PM,awful,"Bryan","","",""
2023-05-25,May 25,Thursday,10:04 AM,awful,"Bryan","","",""
2023-05-25,May 25,Thursday,7:04 AM,meh,"","","",""
2023-05-24,May 24,Wednesday,7:29 PM,good,"Bryan","","",""
2023-05-24,May 24,Wednesday,3:54 PM,awful,"Bryan","","","Starting to notice myself becoming more preoccupied with thinking about talking to Bryan, and the fact that he hasn't responded to my texts (or sent me the picture and video he said he would several days ago that I'm sure by now he will not do, which doubles up on what he said he would do but hasn't from several weeks ago so I am now just thinking of never asking him again for that), and starting to spiral, and wanting to reach out to him but afraid that he will (definitely) not answer until sometime very late tonight and actually just highly likely and actually just fucking not answer at all today until tomorrow or just fucking hell he's never talking to me again... Wow see? Look what's happening... FUCKING HELL"
2023-05-24,May 24,Wednesday,12:35 PM,meh,"","","",""
2023-05-24,May 24,Wednesday,7:35 AM,meh,"","","",""
2023-05-23,May 23,Tuesday,8:01 PM,bad,"","","",""
2023-05-23,May 23,Tuesday,9:22 AM,meh,"","","",""
2023-05-22,May 22,Monday,7:00 PM,meh,"","","",""
2023-05-22,May 22,Monday,1:38 PM,meh,"","","",""
2023-05-22,May 22,Monday,9:02 AM,meh,"","","",""
2023-05-21,May 21,Sunday,7:46 PM,good,"Bryan","","",""
2023-05-21,May 21,Sunday,12:30 PM,meh,"","","",""
2023-05-21,May 21,Sunday,9:07 AM,meh,"","","",""
2023-05-20,May 20,Saturday,7:56 PM,awful,"","","",""
2023-05-20,May 20,Saturday,3:10 PM,awful,"Bryan","","",""
2023-05-20,May 20,Saturday,12:37 PM,bad,"","","",""
2023-05-20,May 20,Saturday,10:00 AM,meh,"","","",""
2023-05-19,May 19,Friday,7:00 PM,bad,"","","",""
2023-05-19,May 19,Friday,2:19 PM,meh,"","","",""
2023-05-18,May 18,Thursday,7:00 PM,bad,"","","",""
2023-05-18,May 18,Thursday,12:30 PM,meh,"","","",""
2023-05-18,May 18,Thursday,9:35 AM,meh,"","","",""
2023-05-17,May 17,Wednesday,7:05 PM,meh,"","","",""
2023-05-17,May 17,Wednesday,4:16 PM,bad,"","","",""
2023-05-17,May 17,Wednesday,9:00 AM,bad,"","","",""
2023-05-16,May 16,Tuesday,9:38 PM,good,"friends","","",""
2023-05-16,May 16,Tuesday,1:37 PM,meh,"","","",""
2023-05-15,May 15,Monday,7:04 PM,meh,"","","",""
2023-05-15,May 15,Monday,1:31 PM,good,"","","",""
2023-05-15,May 15,Monday,10:51 AM,meh,"","","",""
2023-05-14,May 14,Sunday,7:11 PM,meh,"","","",""
2023-05-14,May 14,Sunday,1:14 PM,meh,"","","",""
2023-05-14,May 14,Sunday,9:04 AM,good,"","","",""
2023-05-13,May 13,Saturday,7:02 PM,good,"friends","","",""
2023-05-13,May 13,Saturday,5:05 PM,meh,"","","",""
2023-05-13,May 13,Saturday,11:26 AM,meh,"","","",""
2023-05-12,May 12,Friday,7:23 PM,rad,"family | friends | Bryan","","",""
2023-05-12,May 12,Friday,12:35 PM,meh,"","","",""
2023-05-11,May 11,Thursday,7:09 PM,awful,"","","",""
2023-05-11,May 11,Thursday,2:34 PM,bad,"Bryan | Lonely/Isolating","","",""
2023-05-11,May 11,Thursday,9:29 AM,meh,"","","",""
2023-05-10,May 10,Wednesday,7:25 PM,bad,"","","",""
2023-05-10,May 10,Wednesday,2:02 PM,meh,"","","",""
2023-05-09,May 9,Tuesday,7:00 PM,meh,"","","",""
2023-05-09,May 9,Tuesday,1:28 PM,meh,"","","",""
2023-05-09,May 9,Tuesday,9:00 AM,meh,"","","",""
2023-05-08,May 8,Monday,7:07 PM,awful,"","","",""
2023-05-08,May 8,Monday,12:37 PM,good,"","","",""
2023-05-08,May 8,Monday,9:15 AM,meh,"","","",""
2023-05-07,May 7,Sunday,7:04 PM,meh,"","","",""
2023-05-07,May 7,Sunday,12:34 PM,meh,"","","",""
2023-05-07,May 7,Sunday,9:25 AM,good,"","","",""
2023-05-06,May 6,Saturday,7:08 PM,good,"family | friends","","",""
2023-05-06,May 6,Saturday,11:42 AM,good,"","","",""
2023-05-05,May 5,Friday,9:30 PM,good,"","","",""
2023-05-05,May 5,Friday,7:37 PM,bad,"","","",""
2023-05-05,May 5,Friday,3:30 PM,meh,"","","",""
2023-05-04,May 4,Thursday,7:00 PM,bad,"friends","","",""
2023-05-04,May 4,Thursday,10:08 AM,meh,"","","",""
2023-05-03,May 3,Wednesday,7:18 PM,meh,"","","",""
2023-05-03,May 3,Wednesday,12:41 PM,meh,"","","",""
2023-05-03,May 3,Wednesday,9:09 AM,bad,"","","",""
2023-05-02,May 2,Tuesday,12:47 PM,meh,"","","",""
2023-05-02,May 2,Tuesday,9:44 AM,meh,"","","",""
2023-05-01,May 1,Monday,12:37 PM,bad,"","","",""
2023-04-30,April 30,Sunday,7:00 PM,awful,"","","",""
2023-04-29,April 29,Saturday,7:00 PM,bad,"","","",""
2023-04-29,April 29,Saturday,12:30 PM,good,"","","",""
2023-04-29,April 29,Saturday,9:00 AM,good,"","","",""
2023-04-28,April 28,Friday,7:01 PM,rad,"Bryan","","",""
2023-04-28,April 28,Friday,12:30 PM,good,"Bryan","","",""
2023-04-28,April 28,Friday,9:00 AM,meh,"","","",""
2023-04-27,April 27,Thursday,11:21 PM,good,"","","",""
2023-04-27,April 27,Thursday,1:02 PM,meh,"","","",""
2023-04-27,April 27,Thursday,9:04 AM,meh,"","","",""
2023-04-26,April 26,Wednesday,7:29 PM,good,"family","","",""
2023-04-26,April 26,Wednesday,12:54 PM,meh,"","","",""
2023-04-26,April 26,Wednesday,10:51 AM,good,"","","",""
2023-04-25,April 25,Tuesday,8:46 PM,meh,"","","",""
2023-04-25,April 25,Tuesday,12:37 PM,good,"","","",""
2023-04-25,April 25,Tuesday,9:00 AM,good,"","","",""
2023-04-24,April 24,Monday,7:00 PM,meh,"","","",""
2023-04-23,April 23,Sunday,7:23 PM,meh,"","","",""
2023-04-23,April 23,Sunday,12:30 PM,meh,"Bryan","","",""
2023-04-23,April 23,Sunday,9:46 AM,meh,"Bryan","","",""
2023-04-22,April 22,Saturday,7:40 PM,meh,"","","",""
2023-04-22,April 22,Saturday,2:32 PM,meh,"","","",""
2023-04-22,April 22,Saturday,10:44 AM,meh,"","","",""
2023-04-21,April 21,Friday,10:24 PM,meh,"","","",""
2023-04-21,April 21,Friday,12:30 PM,good,"","","",""
2023-04-21,April 21,Friday,9:00 AM,meh,"","","",""
2023-04-20,April 20,Thursday,7:00 PM,meh,"Bryan","","",""
2023-04-20,April 20,Thursday,1:07 PM,meh,"","","",""
2023-04-20,April 20,Thursday,10:31 AM,meh,"","","",""
2023-04-19,April 19,Wednesday,8:25 PM,good,"","","",""
2023-04-19,April 19,Wednesday,11:03 AM,meh,"","","",""
2023-04-18,April 18,Tuesday,8:34 PM,meh,"","","",""
2023-04-18,April 18,Tuesday,5:51 PM,good,"Therapy","","",""
2023-04-18,April 18,Tuesday,1:47 PM,good,"","","",""
2023-04-18,April 18,Tuesday,9:00 AM,good,"","","",""
2023-04-17,April 17,Monday,7:02 PM,good,"","","",""
2023-04-17,April 17,Monday,12:33 PM,meh,"","","",""
2023-04-17,April 17,Monday,9:17 AM,good,"","","",""
2023-04-16,April 16,Sunday,7:51 PM,good,"","","",""
2023-04-16,April 16,Sunday,12:39 PM,good,"","","",""
2023-04-16,April 16,Sunday,10:14 AM,good,"","","",""
2023-04-15,April 15,Saturday,7:05 PM,rad,"","","",""
2023-04-15,April 15,Saturday,12:58 PM,good,"","","",""
2023-04-15,April 15,Saturday,9:09 AM,good,"","","",""
2023-04-14,April 14,Friday,8:03 PM,rad,"","","",""
2023-04-14,April 14,Friday,1:25 PM,good,"","","",""
2023-04-13,April 13,Thursday,7:18 PM,good,"","","",""
2023-04-13,April 13,Thursday,1:42 PM,bad,"","","",""
2023-04-13,April 13,Thursday,1:25 PM,meh,"","","",""
2023-04-13,April 13,Thursday,9:03 AM,meh,"","","",""
2023-04-12,April 12,Wednesday,7:00 PM,meh,"","","",""
2023-04-12,April 12,Wednesday,12:40 PM,good,"","","",""
2023-04-12,April 12,Wednesday,11:36 AM,good,"","","",""
2023-04-11,April 11,Tuesday,9:38 PM,good,"","","",""
2023-04-11,April 11,Tuesday,12:30 PM,meh,"","","",""
2023-04-11,April 11,Tuesday,9:29 AM,good,"","","",""
2023-04-10,April 10,Monday,8:17 PM,meh,"","","",""
2023-04-10,April 10,Monday,12:47 PM,good,"","","",""
2023-04-10,April 10,Monday,9:36 AM,meh,"","","",""
2023-04-09,April 9,Sunday,7:09 PM,meh,"","","",""
2023-04-09,April 9,Sunday,4:40 PM,awful,"","","",""
2023-04-09,April 9,Sunday,9:00 AM,meh,"","","",""
2023-04-08,April 8,Saturday,7:00 PM,bad,"","","",""
2023-04-08,April 8,Saturday,6:11 PM,meh,"","","",""
2023-04-07,April 7,Friday,6:29 PM,rad,"Bryan","","",""
2023-04-07,April 7,Friday,12:30 PM,good,"","","",""
2023-04-07,April 7,Friday,9:00 AM,meh,"","","",""
2023-04-06,April 6,Thursday,7:00 PM,rad,"Bryan","","",""
2023-04-06,April 6,Thursday,12:32 PM,good,"","","",""
2023-04-06,April 6,Thursday,9:00 AM,good,"","","",""
2023-04-05,April 5,Wednesday,7:05 PM,rad,"","","",""
2023-04-05,April 5,Wednesday,12:30 PM,rad,"","","",""
2023-04-05,April 5,Wednesday,9:00 AM,good,"","","",""
2023-04-04,April 4,Tuesday,7:00 PM,rad,"","","",""
2023-04-04,April 4,Tuesday,1:06 PM,good,"","","",""
2023-04-04,April 4,Tuesday,9:15 AM,good,"","","",""
2023-04-03,April 3,Monday,7:01 PM,good,"","","",""
2023-04-03,April 3,Monday,12:30 PM,good,"","","",""
2023-04-03,April 3,Monday,9:56 AM,meh,"","","",""
2023-04-02,April 2,Sunday,7:38 PM,good,"Bryan","","",""
2023-04-02,April 2,Sunday,12:46 PM,bad,"Bryan","","",""
2023-04-02,April 2,Sunday,9:00 AM,bad,"Bryan","","",""
2023-04-01,April 1,Saturday,7:00 PM,rad,"family | friends","","",""
2023-04-01,April 1,Saturday,12:49 PM,good,"","","",""
2023-03-31,March 31,Friday,7:04 PM,good,"","","",""
2023-03-31,March 31,Friday,9:00 AM,good,"","","",""
2023-03-30,March 30,Thursday,7:00 PM,meh,"","","",""
2023-03-30,March 30,Thursday,12:30 PM,good,"Technology","","",""
2023-03-30,March 30,Thursday,9:01 AM,meh,"","","",""
2023-03-30,March 30,Thursday,3:27 AM,awful,"Bryan","","","Can't stop thinking about Bryan... He didn't go to work yesterday and I haven't heard from him in several days... I bet I'm not going to get to see him this weekend. I am about 98% sure I can count on him saying ""sorry bro I don't feel like it."" He didn't feel like coming out last weekend, so I came out to visit him... I have a haircut this Saturday which will bring me to Arab. I guess I will be able to go see him again for a few hours."
2023-03-29,March 29,Wednesday,10:53 PM,bad,"","","",""
2023-03-29,March 29,Wednesday,7:00 PM,rad,"","","",""
2023-03-29,March 29,Wednesday,12:30 PM,good,"friends","","",""
2023-03-29,March 29,Wednesday,10:41 AM,good,"","","",""
2023-03-29,March 29,Wednesday,9:00 AM,good,"","","",""
2023-03-28,March 28,Tuesday,7:00 PM,meh,"","","",""
2023-03-28,March 28,Tuesday,12:30 PM,rad,"","","",""
2023-03-28,March 28,Tuesday,9:00 AM,good,"","","",""
2023-03-27,March 27,Monday,7:02 PM,good,"","","",""
2023-03-27,March 27,Monday,12:32 PM,good,"","","",""
2023-03-27,March 27,Monday,11:09 AM,good,"","","",""
2023-03-26,March 26,Sunday,9:06 PM,meh,"","","",""
2023-03-26,March 26,Sunday,2:06 PM,rad,"","","",""
2023-03-26,March 26,Sunday,9:00 AM,rad,"","","",""
2023-03-25,March 25,Saturday,7:10 PM,rad,"Bryan","","",""
2023-03-25,March 25,Saturday,12:30 PM,rad,"Bryan","","",""
2023-03-25,March 25,Saturday,9:00 AM,rad,"reading","","",""
2023-03-24,March 24,Friday,10:44 PM,rad,"relax | Technology | ECT","","",""
2023-03-24,March 24,Friday,7:08 PM,rad,"family | Dogs","","",""
2023-03-24,March 24,Friday,12:30 PM,rad,"friends | ECT","","",""
2023-03-24,March 24,Friday,6:00 AM,good,"friends","","",""
2023-03-23,March 23,Thursday,7:13 PM,rad,"family | friends","","",""
2023-03-23,March 23,Thursday,12:30 PM,rad,"","","",""
2023-03-23,March 23,Thursday,9:02 AM,good,"","","",""
2023-03-22,March 22,Wednesday,7:00 PM,good,"Bryan","","",""
2023-03-22,March 22,Wednesday,12:30 PM,awful,"Bryan","","",""
2023-03-22,March 22,Wednesday,9:31 AM,good,"","","",""
2023-03-22,March 22,Wednesday,9:00 AM,good,"","","",""
2023-03-21,March 21,Tuesday,7:21 PM,good,"","","",""
2023-03-21,March 21,Tuesday,12:32 PM,rad,"","","",""
2023-03-21,March 21,Tuesday,9:02 AM,good,"family | friends | Dogs | Bryan","","",""
2023-03-20,March 20,Monday,7:00 PM,meh,"Bryan","","",""
2023-03-20,March 20,Monday,12:50 PM,meh,"","","",""
2023-03-20,March 20,Monday,9:15 AM,good,"","","",""
2023-03-19,March 19,Sunday,7:37 PM,bad,"","","",""
2023-03-19,March 19,Sunday,2:15 PM,meh,"","","",""
2023-03-19,March 19,Sunday,9:00 AM,meh,"","","",""
2023-03-18,March 18,Saturday,7:00 PM,meh,"","","",""
2023-03-18,March 18,Saturday,1:56 PM,good,"","","",""
2023-03-17,March 17,Friday,7:00 PM,rad,"Bryan","","",""
2023-03-17,March 17,Friday,12:35 PM,good,"","","",""
2023-03-17,March 17,Friday,11:38 AM,good,"","","",""
2023-03-16,March 16,Thursday,7:00 PM,rad,"","","",""
2023-03-16,March 16,Thursday,12:30 PM,rad,"","","",""
2023-03-16,March 16,Thursday,10:23 AM,good,"","","",""
2023-03-15,March 15,Wednesday,7:00 PM,good,"","","",""
2023-03-15,March 15,Wednesday,12:30 PM,good,"","","",""
2023-03-15,March 15,Wednesday,9:00 AM,meh,"","","",""
2023-03-14,March 14,Tuesday,7:00 PM,bad,"","","",""
2023-03-14,March 14,Tuesday,12:31 PM,bad,"","","",""
2023-03-14,March 14,Tuesday,10:35 AM,meh,"","","",""
2023-03-13,March 13,Monday,7:02 PM,bad,"","","",""
2023-03-13,March 13,Monday,3:13 PM,meh,"","","",""
2023-03-13,March 13,Monday,9:27 AM,meh,"","","",""
2023-03-12,March 12,Sunday,7:00 PM,bad,"","","",""
2023-03-12,March 12,Sunday,2:49 PM,meh,"","","",""
2023-03-12,March 12,Sunday,9:01 AM,meh,"","","",""
2023-03-11,March 11,Saturday,7:00 PM,good,"","","",""
2023-03-11,March 11,Saturday,12:30 PM,rad,"Bryan","","",""
2023-03-11,March 11,Saturday,11:32 AM,rad,"Bryan","","",""
2023-03-10,March 10,Friday,7:00 PM,rad,"Bryan","","",""
2023-03-10,March 10,Friday,12:30 PM,good,"Bryan","","","Bryan is coming over (hopefully) for the first time in several weeks to spend the night!"
2023-03-10,March 10,Friday,10:09 AM,good,"","","",""
2023-03-09,March 9,Thursday,7:00 PM,rad,"friends","","",""
2023-03-09,March 9,Thursday,12:30 PM,rad,"ECT","","",""
2023-03-09,March 9,Thursday,10:37 AM,good,"ECT","","",""
2023-03-08,March 8,Wednesday,7:00 PM,good,"family","","",""
2023-03-08,March 8,Wednesday,3:38 PM,bad,"Bryan","","",""
2023-03-08,March 8,Wednesday,1:09 PM,good,"","","",""
2023-03-07,March 7,Tuesday,11:08 PM,bad,"","","","This is really bad....... I shouldn't be feeling this bad..."
2023-03-07,March 7,Tuesday,7:00 PM,good,"","","",""
2023-03-07,March 7,Tuesday,12:30 PM,meh,"Bryan","","","I miss Bryan..."
2023-03-07,March 7,Tuesday,9:07 AM,rad,"","","",""
2023-03-06,March 6,Monday,7:00 PM,good,"","","",""
2023-03-06,March 6,Monday,5:41 PM,good,"","","",""
2023-03-06,March 6,Monday,2:32 PM,rad,"ECT","","",""
2023-03-05,March 5,Sunday,7:00 PM,rad,"","","","Beautiful night sky tonight"
2023-03-05,March 5,Sunday,12:30 PM,good,"","","",""
2023-03-04,March 4,Saturday,7:00 PM,good,"","","",""
2023-03-04,March 4,Saturday,12:31 PM,good,"","","",""
2023-03-04,March 4,Saturday,9:00 AM,good,"Music  | date","","",""
2023-03-03,March 3,Friday,7:19 PM,rad,"family","","",""
2023-03-03,March 3,Friday,12:41 PM,good,"","","",""
2023-03-03,March 3,Friday,9:35 AM,good,"","","",""
2023-03-02,March 2,Thursday,7:38 PM,good,"","","",""
2023-03-02,March 2,Thursday,12:49 PM,good,"","","",""
2023-03-01,March 1,Wednesday,7:10 PM,good,"","","",""
2023-03-01,March 1,Wednesday,12:30 PM,good,"ECT","","",""
2023-03-01,March 1,Wednesday,9:03 AM,meh,"","","",""
2023-02-28,February 28,Tuesday,7:00 PM,meh,"","","",""
2023-02-28,February 28,Tuesday,1:00 PM,good,"","","",""
2023-02-28,February 28,Tuesday,10:34 AM,good,"","","",""
2023-02-27,February 27,Monday,7:42 PM,good,"","","",""
2023-02-27,February 27,Monday,10:24 AM,good,"ECT","","",""
2023-02-26,February 26,Sunday,7:09 PM,meh,"","","",""
2023-02-26,February 26,Sunday,1:53 PM,meh,"","","",""
2023-02-25,February 25,Saturday,9:19 PM,good,"","","",""
2023-02-25,February 25,Saturday,12:31 PM,good,"","","",""
2023-02-25,February 25,Saturday,11:53 AM,good,"","","",""
2023-02-24,February 24,Friday,12:30 PM,good,"ECT","","","First ECT treatment"
2023-02-24,February 24,Friday,9:00 AM,good,"","","",""
2023-02-23,February 23,Thursday,5:10 PM,good,"","","",""
2023-02-22,February 22,Wednesday,7:00 PM,rad,"family","","",""
2023-02-22,February 22,Wednesday,12:31 PM,good,"","","",""
2023-02-22,February 22,Wednesday,10:28 AM,good,"","","",""
2023-02-21,February 21,Tuesday,7:27 PM,meh,"","","",""
2023-02-21,February 21,Tuesday,12:57 PM,good,"","","",""
2023-02-21,February 21,Tuesday,9:32 AM,good,"","","",""
2023-02-20,February 20,Monday,7:02 PM,good,"","","",""
2023-02-20,February 20,Monday,1:22 PM,rad,"friends","","",""
2023-02-20,February 20,Monday,9:33 AM,meh,"","","",""
2023-02-19,February 19,Sunday,7:00 PM,bad,"Bryan","","",""
2023-02-19,February 19,Sunday,12:35 PM,good,"","","",""
2023-02-19,February 19,Sunday,9:00 AM,good,"","","","Tooth hurts incredibly badly."
2023-02-18,February 18,Saturday,8:03 PM,rad,"family | friends | Bryan","","",""
2023-02-18,February 18,Saturday,1:01 PM,rad,"Bryan","","",""
2023-02-18,February 18,Saturday,12:10 PM,good,"Bryan","","",""
2023-02-18,February 18,Saturday,9:08 AM,bad,"","","",""
2023-02-17,February 17,Friday,7:00 PM,awful,"","","",""
2023-02-17,February 17,Friday,12:30 PM,meh,"","","","Feeling very anxious about the idea of going back to school..."
2023-02-17,February 17,Friday,9:00 AM,good,"","","",""
2023-02-16,February 16,Thursday,8:20 PM,bad,"","","",""
2023-02-16,February 16,Thursday,12:30 PM,meh,"","","",""
2023-02-16,February 16,Thursday,10:17 AM,meh,"","","",""
2023-02-15,February 15,Wednesday,8:54 PM,bad,"","","",""
2023-02-15,February 15,Wednesday,7:04 PM,good,"family","","",""
2023-02-15,February 15,Wednesday,3:40 PM,good,"","","",""
2023-02-15,February 15,Wednesday,9:07 AM,good,"","","",""
2023-02-14,February 14,Tuesday,7:44 PM,good,"Bryan","","","Had a good phone conversation with Bryan."
2023-02-14,February 14,Tuesday,12:33 PM,meh,"","","","Experiencing some anxiety and I can't help but wonder if it's being back on the 150 mg desipramine and if I need to go back down to 100 mg desipramine. I just don't want to make too many changes at once. I wonder if I should've gone down on the desipramine first before trying going down on the Dexedrine... Maybe I do need to go down on both, but definitely not both at once. I don't want to risk getting very depressed."
2023-02-14,February 14,Tuesday,9:05 AM,good,"","","","Trying going down to 20 mg Dexedrine today to see if it reduces insomnia and overstimulation. Yesterday I was a bit ""driven by a motor"" and had tremendous trouble sleeping. At least I didn't have frightening nightmares every 5 minutes though."
2023-02-13,February 13,Monday,12:40 PM,good,"","","",""
2023-02-12,February 12,Sunday,7:04 PM,rad,"Bryan","","",""
2023-02-12,February 12,Sunday,1:24 PM,rad,"family","","",""
2023-02-12,February 12,Sunday,6:50 AM,meh,"Bryan","","",""
2023-02-11,February 11,Saturday,4:46 PM,rad,"family | friends | Bryan","","",""
2023-02-11,February 11,Saturday,6:46 AM,awful,"","","",""
2023-02-10,February 10,Friday,10:00 AM,awful,"family","","",""
2023-02-09,February 9,Thursday,11:59 PM,bad,"","","",""
2023-02-09,February 9,Thursday,8:27 PM,meh,"","","",""
2023-02-08,February 8,Wednesday,7:00 PM,meh,"","","",""
2023-02-08,February 8,Wednesday,4:10 PM,bad,"","","",""
2023-02-08,February 8,Wednesday,10:22 AM,bad,"","","",""
2023-02-07,February 7,Tuesday,8:28 PM,bad,"","","",""
2023-02-07,February 7,Tuesday,2:20 PM,meh,"","","",""
2023-02-06,February 6,Monday,7:00 PM,good,"","","",""
2023-02-06,February 6,Monday,1:05 PM,good,"","","",""
2023-02-05,February 5,Sunday,7:00 PM,meh,"","","",""
2023-02-05,February 5,Sunday,1:08 PM,good,"","","",""
2023-02-04,February 4,Saturday,7:08 PM,good,"","","",""
2023-02-04,February 4,Saturday,1:05 PM,rad,"Bryan","","",""
2023-02-04,February 4,Saturday,9:35 AM,good,"","","",""
2023-02-03,February 3,Friday,7:03 PM,meh,"","","",""
2023-02-03,February 3,Friday,12:40 PM,good,"family","","",""
2023-02-03,February 3,Friday,10:33 AM,meh,"","","",""
2023-02-02,February 2,Thursday,7:03 PM,meh,"","","",""
2023-02-02,February 2,Thursday,4:37 PM,meh,"","","",""
2023-02-02,February 2,Thursday,12:30 PM,meh,"","","",""
2023-02-02,February 2,Thursday,11:40 AM,good,"","","",""
2023-02-01,February 1,Wednesday,7:46 PM,good,"","","",""
2023-02-01,February 1,Wednesday,1:12 PM,good,"","","","Slightly irritable. Waiting to get a root canal (2nd one in a row)... Tics are bad too."
2023-02-01,February 1,Wednesday,10:59 AM,good,"","","",""
2023-01-31,January 31,Tuesday,7:06 PM,meh,"","","",""
2023-01-31,January 31,Tuesday,12:55 PM,meh,"","","",""
2023-01-30,January 30,Monday,7:00 PM,bad,"","","",""
2023-01-30,January 30,Monday,12:38 PM,meh,"","","",""
2023-01-29,January 29,Sunday,7:00 PM,bad,"","","",""
2023-01-29,January 29,Sunday,12:31 PM,meh,"","","",""
2023-01-29,January 29,Sunday,10:47 AM,meh,"","","",""
2023-01-28,January 28,Saturday,8:10 PM,good,"friends","","",""
2023-01-28,January 28,Saturday,6:34 PM,meh,"","","",""
2023-01-28,January 28,Saturday,12:46 PM,meh,"","","",""
2023-01-27,January 27,Friday,7:34 PM,meh,"","","",""
2023-01-27,January 27,Friday,12:31 PM,meh,"","","",""
2023-01-27,January 27,Friday,10:58 AM,meh,"","","",""
2023-01-26,January 26,Thursday,7:49 PM,meh,"","","","Have been dealing with a sick stomach all day today"
2023-01-26,January 26,Thursday,12:31 PM,meh,"","","",""
2023-01-26,January 26,Thursday,9:04 AM,meh,"","","",""
2023-01-25,January 25,Wednesday,11:14 PM,good,"","","",""
2023-01-25,January 25,Wednesday,4:27 PM,meh,"","","",""
2023-01-25,January 25,Wednesday,12:24 PM,meh,"","","",""
2023-01-25,January 25,Wednesday,9:10 AM,good,"friends","","",""
2023-01-24,January 24,Tuesday,7:08 PM,meh,"","","",""
2023-01-24,January 24,Tuesday,1:06 PM,bad,"","","",""
2023-01-24,January 24,Tuesday,9:32 AM,meh,"","","",""
2023-01-23,January 23,Monday,7:00 PM,good,"Therapy","","",""
2023-01-23,January 23,Monday,1:58 PM,bad,"","","",""
2023-01-23,January 23,Monday,9:09 AM,meh,"","","",""
2023-01-22,January 22,Sunday,7:01 PM,bad,"","","",""
2023-01-22,January 22,Sunday,12:39 PM,meh,"","","",""
2023-01-22,January 22,Sunday,10:20 AM,bad,"","","",""
2023-01-21,January 21,Saturday,7:02 PM,meh,"","","",""
2023-01-21,January 21,Saturday,12:35 PM,meh,"","","",""
2023-01-21,January 21,Saturday,9:00 AM,good,"","","",""
2023-01-20,January 20,Friday,7:35 PM,good,"family","","",""
2023-01-20,January 20,Friday,12:37 PM,good,"","","",""
2023-01-20,January 20,Friday,9:00 AM,good,"","","",""
2023-01-19,January 19,Thursday,11:23 PM,good,"Bryan","","",""
2023-01-19,January 19,Thursday,12:39 PM,good,"","","",""
2023-01-19,January 19,Thursday,10:07 AM,good,"","","",""
2023-01-18,January 18,Wednesday,7:08 PM,good,"","","",""
2023-01-18,January 18,Wednesday,12:30 PM,good,"","","",""
2023-01-18,January 18,Wednesday,8:53 AM,bad,"","","",""
2023-01-18,January 18,Wednesday,5:30 AM,good,"","","",""
2023-01-17,January 17,Tuesday,7:34 PM,awful,"","","",""
2023-01-17,January 17,Tuesday,1:04 PM,bad,"","","",""
2023-01-17,January 17,Tuesday,9:00 AM,awful,"","","",""
2023-01-17,January 17,Tuesday,1:43 AM,awful,"","","",""
2023-01-16,January 16,Monday,7:00 PM,awful,"","","",""
2023-01-16,January 16,Monday,2:49 PM,awful,"","","",""
2023-01-16,January 16,Monday,12:31 PM,awful,"","","",""
2023-01-16,January 16,Monday,9:00 AM,bad,"","","",""
2023-01-15,January 15,Sunday,3:21 PM,meh,"family","","",""
2023-01-15,January 15,Sunday,1:03 PM,awful,"","","",""
2023-01-14,January 14,Saturday,8:06 PM,bad,"","","",""
2023-01-14,January 14,Saturday,12:30 PM,bad,"","","",""
2023-01-14,January 14,Saturday,9:36 AM,awful,"","","",""
2023-01-13,January 13,Friday,7:00 PM,meh,"","","",""
2023-01-13,January 13,Friday,12:41 PM,good,"","","",""
2023-01-13,January 13,Friday,9:38 AM,meh,"","","",""
2023-01-13,January 13,Friday,6:20 AM,bad,"","","",""
2023-01-12,January 12,Thursday,8:05 PM,good,"","","",""
2023-01-12,January 12,Thursday,12:50 PM,good,"","","",""
2023-01-12,January 12,Thursday,9:00 AM,good,"","","",""
2023-01-11,January 11,Wednesday,7:03 PM,meh,"","","",""
2023-01-11,January 11,Wednesday,12:31 PM,meh,"","","",""
2023-01-10,January 10,Tuesday,9:08 PM,bad,"","","",""
2023-01-10,January 10,Tuesday,12:58 PM,good,"Therapy","","",""
2023-01-10,January 10,Tuesday,9:56 AM,meh,"","","",""
2023-01-09,January 9,Monday,7:03 PM,good,"","","",""
2023-01-09,January 9,Monday,1:37 PM,good,"","","",""
2023-01-09,January 9,Monday,9:13 AM,rad,"","","",""
2023-01-08,January 8,Sunday,10:07 PM,bad,"","","","I have no idea what I'm feeling. I had a wonderful day with Chad today and talking to friends online. I think I have a crush on Andrew... What am I going to do?? Do I tell him? When do I tell him? Oh God..."
2023-01-08,January 8,Sunday,7:12 PM,rad,"friends","","",""
2023-01-08,January 8,Sunday,2:17 PM,good,"","","",""
2023-01-08,January 8,Sunday,11:45 AM,good,"friends","","",""
2023-01-07,January 7,Saturday,7:32 PM,good,"","","",""
2023-01-07,January 7,Saturday,12:14 PM,good,"","","",""
2023-01-07,January 7,Saturday,10:09 AM,rad,"Bryan","","","Just said bye to Bryan. Had a great time last night and this morning. 🙂"
2023-01-06,January 6,Friday,10:16 PM,rad,"Bryan","","",""
2023-01-06,January 6,Friday,3:02 PM,rad,"Bryan | Keto","","","Just finished a ketamine infusion. Bryan took me again. This was a very mild infusion this time around."
2023-01-06,January 6,Friday,12:11 PM,good,"","","","Feeling crappy with my stomach... I'm having those god awful sulfur burps and this time diarrhea. I hate my digestive system. Waiting on Bryan to pick me up and take me to my ketamine infusion. He's going to also be spending the night. First time in probably about a month."
2023-01-05,January 5,Thursday,7:58 PM,good,"Bryan","","","Talked to Bryan on the phone earlier briefly. Looking forward to him coming over this weekend."
2023-01-05,January 5,Thursday,12:30 PM,good,"","","","Feeling tired. Might nap."
2023-01-05,January 5,Thursday,9:12 AM,good,"Relax","","",""
2023-01-04,January 4,Wednesday,8:50 PM,good,"Bryan","","","Got off the phone with Bryan. He did make me feel much better. I love that guy so much."
2023-01-04,January 4,Wednesday,6:28 PM,bad,"","","","Talking to Bryan and remembering the guy I met up with earlier today. I anticipate that when I talk to Bryan later when he gets home that he will probably have something to say that helps me feel better. I mustn't rely on him like this... I feel so bad..."
2023-01-04,January 4,Wednesday,2:57 PM,good,"","","",""
2023-01-04,January 4,Wednesday,11:30 AM,bad,"","","","I was supposed to meet a guy but he stood me up. I found someone else in the meantime and... It was absolutely terrible. He lived in a basement in a tiny room, his bed was a science experiment, he reeked of BO and his crotch smelled like piss and shit. I ACTUALLY went through with it. I couldn't have said, ""hey man, I'm sorry, no offense but the BO down there is a bit strong, do you think you could wash down there with soap and water before we do this?"" No, I went through with it. And I'm ashamed of myself for it... <br><br>Afterwards the smell was still stuck in my nose. Any time I think about sucking dick I smell that smell even if I'm thinking about sucking Bryan's dick (which he doesn't let me do and hasn't for years). Idk I feel like a slut. I'm ashamed of myself."
2023-01-04,January 4,Wednesday,9:00 AM,meh,"","","",""
2023-01-03,January 3,Tuesday,10:03 PM,meh,"","","",""
2023-01-03,January 3,Tuesday,2:26 PM,meh,"","","","Feeling ultra jittery and hyper after taking Noopept... Mood is kinda ""artificially"" high but there's still a tinge of depression. I'm about to see James here in a bit."
2023-01-03,January 3,Tuesday,11:46 AM,meh,"Bryan","","",""
2023-01-03,January 3,Tuesday,10:59 AM,awful,"Bryan","","",""
2023-01-02,January 2,Monday,8:11 PM,bad,"","","",""
2023-01-02,January 2,Monday,10:53 AM,bad,"","","",""
2023-01-02,January 2,Monday,3:40 AM,awful,"","","",""
2023-01-01,January 1,Sunday,10:30 PM,awful,"","","",""
2023-01-01,January 1,Sunday,7:00 PM,bad,"","","","Learned that Johnna Doty passed away...<br><br>Today has been fucked. I hated how I felt today. We didn't do anything for new years because Harlon was here. I don't know if he's going home tomorrow or not but if he isn't... I don't know what my brother is going to do."
2023-01-01,January 1,Sunday,12:41 PM,meh,"","","",""
2023-01-01,January 1,Sunday,9:51 AM,bad,"","","",""
2022-12-31,December 31,Saturday,7:02 PM,good,"family","","",""
2022-12-31,December 31,Saturday,9:15 AM,meh,"","","",""
2022-12-30,December 30,Friday,8:18 PM,good,"","","",""
2022-12-30,December 30,Friday,12:30 PM,good,"","","",""
2022-12-30,December 30,Friday,9:05 AM,good,"","","",""
2022-12-29,December 29,Thursday,8:48 PM,awful,"Bryan","","","I'm nothing to him unless it's convenient for him. I'm going to try even harder to stay out of his life. I wish I could delete myself from his life."
2022-12-29,December 29,Thursday,7:37 PM,good,"","","",""
2022-12-29,December 29,Thursday,6:45 PM,good,"family","","","Dr. Liu said I could increase desipramine to 100 mg. She called in a script for it."
2022-12-29,December 29,Thursday,9:10 AM,bad,"","","","I'm gaining weight. Fuck me..."
2022-12-28,December 28,Wednesday,11:59 PM,awful,"","","","The end of a horrible day..."
2022-12-28,December 28,Wednesday,8:40 PM,bad,"","","","I talked to Bryan and it helped a little but then I learned that he doesn't plan to come out this weekend. It seems like he's coming over less and less and is constantly needing more time to himself. I'm trying to be understanding but it's really hard. I feel like I'm a burden to him. I wish I weren't so needy."
2022-12-28,December 28,Wednesday,3:05 PM,awful,"","","","My chest feels heavy. I feel terrible. I want to cry but I can't. I don't want to do anything but I want to do everything. I can't leave the house. It's nice outside. I don't know... I don't want to talk to anybody but I do. I asked Bryan to call me because I'm desperate but I don't expect him to call me..."
2022-12-28,December 28,Wednesday,2:30 PM,bad,"","","",""
2022-12-27,December 27,Tuesday,7:02 PM,bad,"","","",""
2022-12-27,December 27,Tuesday,2:44 PM,good,"","","","Feeling kind of hyper and keyed up. Not very pleasant actually. But I'm doing things and focusing on things. I took ½ of a Klonopin."
2022-12-27,December 27,Tuesday,9:00 AM,meh,"","","",""
2022-12-26,December 26,Monday,7:16 PM,good,"","","",""
2022-12-26,December 26,Monday,9:45 AM,meh,"","","",""
2022-12-25,December 25,Sunday,10:52 PM,good,"","","",""
2022-12-25,December 25,Sunday,12:30 PM,good,"family","","",""
2022-12-25,December 25,Sunday,9:33 AM,meh,"","","",""
2022-12-24,December 24,Saturday,11:58 PM,good,"","","",""
2022-12-24,December 24,Saturday,12:30 PM,good,"","","",""
2022-12-23,December 23,Friday,7:14 PM,rad,"Bryan","","",""
2022-12-23,December 23,Friday,12:44 PM,good,"","","",""
2022-12-23,December 23,Friday,9:00 AM,meh,"","","",""
2022-12-22,December 22,Thursday,7:50 PM,good,"","","",""
2022-12-21,December 21,Wednesday,10:09 PM,meh,"","","",""
2022-12-21,December 21,Wednesday,9:15 AM,meh,"","","",""
2022-12-20,December 20,Tuesday,7:03 PM,good,"","","",""
2022-12-19,December 19,Monday,7:26 PM,good,"","","",""
2022-12-19,December 19,Monday,1:44 PM,good,"","","","Ugh I'm so tired."
2022-12-19,December 19,Monday,10:45 AM,good,"","","",""
2022-12-18,December 18,Sunday,7:00 PM,meh,"","","",""
2022-12-17,December 17,Saturday,11:45 PM,rad,"Bryan","","","Talked to Bryan and feel a lot better!"
2022-12-17,December 17,Saturday,10:45 PM,bad,"","","","Starting to feel very dysphoric and sad. I'm going to try to call Bryan."
2022-12-17,December 17,Saturday,8:21 PM,good,"Bryan","","","Talked to Bryan. I'm very proud of both of us. I'm proud of him for taking to Amanda and getting what he wanted to say to her out in the open, and I'm proud of myself for how I handled myself in that situation. He told me that he couldn't have done that if he hadn't spent the day with me and if I recall correctly if we hadn't talked before he left. I really worked hard to pep him up and motivate him to do that. I hope it was the right thing for him to do and it didn't make things awkward at work as Amanda claims she doesn't have feelings for him other than being friends."
2022-12-17,December 17,Saturday,7:10 PM,meh,"Bryan","","","I should be happy. And I am. I'm proud of myself. But I'm worried. I don't know why. (Amanda)"
2022-12-17,December 17,Saturday,2:30 PM,rad,"Bryan | Pokémon Go","","","Community day"
2022-12-17,December 17,Saturday,12:33 PM,good,"","","",""
2022-12-17,December 17,Saturday,11:22 AM,good,"","","",""
2022-12-16,December 16,Friday,7:23 PM,rad,"Bryan","","",""
2022-12-15,December 15,Thursday,10:26 PM,good,"","","",""
2022-12-15,December 15,Thursday,4:58 PM,good,"","","",""
2022-12-15,December 15,Thursday,9:52 AM,meh,"","","",""
2022-12-14,December 14,Wednesday,7:41 PM,bad,"Bryan","","","Worried about Bryan"
2022-12-14,December 14,Wednesday,4:36 AM,rad,"friends","","","Just got through talking to Blake on Discord for just over 2 hours. He's pretty much just like Chad and Bryan. It felt very natural taking to him. I hope he felt the same but I think he felt awkward. I dunno I guess he enjoyed it. I had to let him go though because I needed to go to bed. It was a ton of fun though. He's a goofy guy just as I suspected. 😮‍💨 And I like him... 🙄 Typical me. Oh well. Whatevs. Anyway, it was a lot of fun.  I just wish that Bryan would engage with me more. I'm afraid he isn't interested in interacting with he anymore. I'm afraid he isn't going to want to come visit me again this weekend which will make 4 weekends he hasn't seen me."
2022-12-13,December 13,Tuesday,11:28 PM,bad,"","","",""
2022-12-13,December 13,Tuesday,10:04 PM,meh,"","","",""
2022-12-13,December 13,Tuesday,2:01 PM,good,"","","",""
2022-12-13,December 13,Tuesday,10:03 AM,meh,"","","",""
2022-12-12,December 12,Monday,8:06 PM,meh,"","","",""
2022-12-12,December 12,Monday,12:47 PM,good,"","","",""
2022-12-11,December 11,Sunday,2:03 PM,meh,"","","",""
2022-12-10,December 10,Saturday,12:31 PM,rad,"Bryan","","",""
2022-12-09,December 9,Friday,12:35 PM,good,"","","",""
2022-12-09,December 9,Friday,10:20 AM,good,"","","",""
2022-12-08,December 8,Thursday,7:25 PM,meh,"","","",""
2022-12-08,December 8,Thursday,2:38 PM,good,"friends","","",""
2022-12-08,December 8,Thursday,9:12 AM,good,"Dogs","","",""
2022-12-07,December 7,Wednesday,11:59 PM,rad,"friends","","","Having a seriously amazing conversation with Blake"
2022-12-07,December 7,Wednesday,9:00 PM,good,"","","",""
2022-12-07,December 7,Wednesday,7:00 PM,bad,"","","",""
2022-12-07,December 7,Wednesday,12:32 PM,good,"","","",""
2022-12-06,December 6,Tuesday,7:55 PM,bad,"","","",""
2022-12-06,December 6,Tuesday,4:00 PM,good,"Therapy","","",""
2022-12-06,December 6,Tuesday,8:00 AM,meh,"","","",""
2022-12-05,December 5,Monday,11:45 PM,bad,"","","",""
2022-12-05,December 5,Monday,8:01 PM,good,"","","",""
2022-12-05,December 5,Monday,11:32 AM,good,"","","",""
2022-12-04,December 4,Sunday,7:21 PM,meh,"","","",""
2022-12-04,December 4,Sunday,3:02 PM,bad,"","","",""
2022-12-03,December 3,Saturday,12:32 PM,good,"","","",""
2022-12-03,December 3,Saturday,11:54 AM,good,"","","",""
2022-12-02,December 2,Friday,9:50 PM,good,"family | friends","","",""
2022-12-02,December 2,Friday,2:00 PM,meh,"","","",""
2022-12-01,December 1,Thursday,2:01 PM,good,"","","",""
2022-11-30,November 30,Wednesday,2:13 PM,meh,"","","",""
2022-11-30,November 30,Wednesday,9:00 AM,meh,"","","",""
2022-11-29,November 29,Tuesday,10:31 PM,meh,"","","",""
2022-11-29,November 29,Tuesday,3:37 PM,good,"","","",""
2022-11-28,November 28,Monday,9:24 PM,meh,"","","",""
2022-11-28,November 28,Monday,1:45 PM,meh,"","","",""
2022-11-27,November 27,Sunday,7:24 PM,good,"","","",""
2022-11-27,November 27,Sunday,10:51 AM,rad,"Bryan","","",""
2022-11-26,November 26,Saturday,7:00 PM,rad,"Bryan","","",""
2022-11-26,November 26,Saturday,2:00 PM,meh,"","","",""
2022-11-25,November 25,Friday,10:39 PM,meh,"","","",""
2022-11-24,November 24,Thursday,10:23 PM,rad,"family","","",""
2022-11-23,November 23,Wednesday,8:44 PM,meh,"","","",""
2022-11-23,November 23,Wednesday,1:32 PM,bad,"","","",""
2022-11-23,November 23,Wednesday,9:39 AM,good,"","","",""
2022-11-22,November 22,Tuesday,7:00 PM,good,"","","",""
2022-11-22,November 22,Tuesday,1:35 PM,meh,"","","",""
2022-11-22,November 22,Tuesday,10:13 AM,meh,"","","",""
2022-11-21,November 21,Monday,7:13 PM,good,"","","",""
2022-11-21,November 21,Monday,5:45 PM,meh,"","","",""
2022-11-21,November 21,Monday,1:34 PM,bad,"","","","Feeling very inadequate."
2022-11-20,November 20,Sunday,8:46 PM,good,"family","","",""
2022-11-20,November 20,Sunday,10:06 AM,good,"","","",""
2022-11-19,November 19,Saturday,7:56 PM,good,"","","",""
2022-11-19,November 19,Saturday,5:56 PM,good,"Bryan","","",""
2022-11-19,November 19,Saturday,10:44 AM,good,"","","",""
2022-11-18,November 18,Friday,7:00 PM,meh,"","","",""
2022-11-18,November 18,Friday,1:20 PM,meh,"","","",""
2022-11-17,November 17,Thursday,7:00 PM,bad,"","","","Laid in bed until 2pm. Went to store with Mom. Had a panic attack. I want to see Bryan. But Bryan isn't coming up this weekend."
2022-11-16,November 16,Wednesday,12:44 PM,good,"","","",""
2022-11-15,November 15,Tuesday,7:32 PM,good,"family","","",""
2022-11-15,November 15,Tuesday,2:28 PM,good,"Dogs","","",""
2022-11-15,November 15,Tuesday,9:47 AM,good,"","","",""
2022-11-14,November 14,Monday,7:24 PM,meh,"","","",""
2022-11-14,November 14,Monday,9:03 AM,good,"","","",""
2022-11-13,November 13,Sunday,9:23 PM,good,"","","",""
2022-11-13,November 13,Sunday,5:39 PM,rad,"family | friends","","",""
2022-11-13,November 13,Sunday,2:13 PM,good,"","","",""
2022-11-12,November 12,Saturday,9:25 PM,good,"","","",""
2022-11-12,November 12,Saturday,6:45 PM,good,"","","",""
2022-11-12,November 12,Saturday,2:00 AM,rad,"Bryan","","","Bryan let me give him a handjob for the first time in the new house. I am admittedly glad he changed his mind about that. It's kind of like I guess he didn't know what he was missing until he didn't have it? I don't know. But he sure did christen that room pretty good! 😆"
2022-11-11,November 11,Friday,9:00 PM,rad,"Bryan","","",""
2022-11-11,November 11,Friday,7:49 PM,meh,"","","",""
2022-11-11,November 11,Friday,5:49 PM,rad,"family | friends | Bryan","","",""
2022-11-10,November 10,Thursday,9:37 PM,good,"","","",""
2022-11-10,November 10,Thursday,3:11 PM,good,"","","",""
2022-11-09,November 9,Wednesday,7:08 PM,rad,"family","","",""
2022-11-09,November 9,Wednesday,9:03 AM,good,"","","",""
2022-11-08,November 8,Tuesday,7:25 PM,good,"","","",""
2022-11-08,November 8,Tuesday,12:31 PM,good,"","","",""
2022-11-07,November 7,Monday,8:13 PM,rad,"family","","",""
2022-11-06,November 6,Sunday,8:13 AM,good,"","","",""
2022-11-05,November 5,Saturday,10:00 PM,rad,"friends","","",""
2022-11-05,November 5,Saturday,12:48 PM,meh,"","","",""
2022-11-05,November 5,Saturday,9:33 AM,good,"","","",""
2022-11-05,November 5,Saturday,8:28 AM,good,"","","","We are getting interbutts today!"
2022-11-04,November 4,Friday,7:00 PM,good,"","","",""
2022-11-04,November 4,Friday,7:00 PM,rad,"","","",""
2022-11-04,November 4,Friday,7:00 PM,good,"","","",""
2022-11-03,November 3,Thursday,5:01 PM,bad,"","","","Found out Mom wants Harlon to move back in with us."
2022-11-03,November 3,Thursday,9:00 AM,good,"","","","Finally am in the new house!"
2022-11-02,November 2,Wednesday,7:00 PM,good,"","","","Finally getting the fuck away!"
2022-11-01,November 1,Tuesday,2:33 PM,meh,"","","",""
2022-11-01,November 1,Tuesday,9:00 AM,good,"","","","Getting stuff done by myself while everyone sleeps feels surprisingly good but I'm scared of the Dyars coming out..."
2022-10-31,October 31,Monday,7:18 PM,good,"","","",""
2022-10-30,October 30,Sunday,7:34 PM,good,"family | friends","","",""
2022-10-30,October 30,Sunday,1:17 PM,rad,"Bryan","","",""
2022-10-30,October 30,Sunday,9:02 AM,good,"cleaning","","",""
2022-10-29,October 29,Saturday,8:34 PM,rad,"friends | Bryan","","",""
2022-10-29,October 29,Saturday,7:00 PM,rad,"Bryan","","",""
2022-10-29,October 29,Saturday,2:02 PM,good,"Bryan","","",""
2022-10-29,October 29,Saturday,9:22 AM,bad,"","","","I broke my laptop"
2022-10-28,October 28,Friday,7:27 PM,good,"family | friends | Dogs | Bryan | cleaning","","",""
2022-10-28,October 28,Friday,1:53 PM,rad,"Bryan | cleaning","","",""
2022-10-27,October 27,Thursday,7:16 PM,good,"family | friends | Dogs | cleaning","","",""
2022-10-26,October 26,Wednesday,7:11 PM,good,"friends | Bryan","","","Despite Shannon being an ass..."
2022-10-26,October 26,Wednesday,1:15 PM,good,"family | Dogs | cleaning","","",""
2022-10-26,October 26,Wednesday,9:25 AM,meh,"","","",""
2022-10-25,October 25,Tuesday,7:03 PM,bad,"","","",""
2022-10-25,October 25,Tuesday,5:52 PM,meh,"","","",""
2022-10-25,October 25,Tuesday,2:52 PM,bad,"","","",""
2022-10-25,October 25,Tuesday,11:02 AM,good,"","","",""
2022-10-24,October 24,Monday,7:06 PM,good,"family | Dogs","","",""
2022-10-24,October 24,Monday,1:08 PM,good,"family | Dogs","","",""
2022-10-24,October 24,Monday,9:39 AM,good,"Dogs","","",""
2022-10-23,October 23,Sunday,7:28 PM,meh,"","","","We're going to have to postpone the move yet again..."
2022-10-23,October 23,Sunday,1:47 PM,good,"","","",""
2022-10-23,October 23,Sunday,9:00 AM,good,"Dogs","","",""
2022-10-22,October 22,Saturday,8:51 PM,rad,"family | friends | Dogs | Bryan","","",""
2022-10-21,October 21,Friday,9:34 PM,rad,"Bryan","","",""
2022-10-21,October 21,Friday,7:30 PM,awful,"family","","",""
2022-10-21,October 21,Friday,11:09 AM,good,"","","",""
2022-10-20,October 20,Thursday,8:51 PM,good,"Bryan","","",""
2022-10-20,October 20,Thursday,6:30 PM,bad,"","","",""
2022-10-20,October 20,Thursday,1:51 PM,meh,"","","",""
2022-10-20,October 20,Thursday,9:00 AM,meh,"","","",""
2022-10-19,October 19,Wednesday,7:13 PM,good,"","","",""
2022-10-19,October 19,Wednesday,9:00 AM,good,"Dogs | bad sleep | Nap | Junk food","","",""
2022-10-18,October 18,Tuesday,7:02 PM,good,"","","",""
2022-10-18,October 18,Tuesday,9:38 AM,good,"","","",""
2022-10-17,October 17,Monday,8:40 PM,good,"family | Dogs","","",""
2022-10-17,October 17,Monday,1:36 PM,bad,"cleaning","","",""
2022-10-17,October 17,Monday,9:43 AM,good,"cleaning","","",""
2022-10-16,October 16,Sunday,7:35 PM,good,"","","",""
2022-10-16,October 16,Sunday,12:50 PM,rad,"Bryan | cleaning","","",""
2022-10-16,October 16,Sunday,12:05 PM,good,"Bryan","","",""
2022-10-15,October 15,Saturday,11:18 PM,good,"","","",""
2022-10-15,October 15,Saturday,12:39 PM,rad,"Bryan","","",""
2022-10-15,October 15,Saturday,9:27 AM,good,"Dogs","","",""
2022-10-14,October 14,Friday,9:30 PM,good,"Bryan","","",""
2022-10-14,October 14,Friday,7:16 PM,awful,"Bryan","","",""
2022-10-14,October 14,Friday,12:42 PM,bad,"","","",""
2022-10-14,October 14,Friday,9:05 AM,good,"","","","Tested negative for COVID-19!"
2022-10-13,October 13,Thursday,7:36 PM,good,"Bryan","","",""
2022-10-13,October 13,Thursday,12:34 PM,meh,"","","",""
2022-10-13,October 13,Thursday,9:16 AM,good,"Dogs","","",""
2022-10-12,October 12,Wednesday,7:03 PM,meh,"","","",""
2022-10-12,October 12,Wednesday,12:57 PM,bad,"","","",""
2022-10-12,October 12,Wednesday,9:57 AM,good,"Dogs","","",""
2022-10-11,October 11,Tuesday,7:16 PM,rad,"Bryan","","",""
2022-10-11,October 11,Tuesday,4:16 PM,good,"","","",""
2022-10-11,October 11,Tuesday,2:01 PM,meh,"","","",""
2022-10-11,October 11,Tuesday,9:54 AM,good,"","","",""
2022-10-10,October 10,Monday,8:16 PM,bad,"","","",""
2022-10-10,October 10,Monday,5:10 PM,meh,"","","",""
2022-10-10,October 10,Monday,11:21 AM,bad,"","","",""
2022-10-09,October 9,Sunday,7:45 PM,good,"","","",""
2022-10-09,October 9,Sunday,1:54 PM,meh,"","","",""
2022-10-09,October 9,Sunday,11:14 AM,meh,"","","",""
2022-10-08,October 8,Saturday,7:48 PM,meh,"","","",""
2022-10-08,October 8,Saturday,12:43 PM,bad,"","","",""
2022-10-08,October 8,Saturday,9:51 AM,good,"Dogs","","",""
2022-10-07,October 7,Friday,8:23 PM,awful,"","","",""
2022-10-07,October 7,Friday,1:23 PM,meh,"","","",""
2022-10-07,October 7,Friday,9:08 AM,good,"","","",""
2022-10-06,October 6,Thursday,7:58 PM,meh,"","","",""
2022-10-06,October 6,Thursday,1:51 PM,good,"","","",""
2022-10-06,October 6,Thursday,11:35 AM,meh,"","","",""
2022-10-05,October 5,Wednesday,11:59 PM,good,"reading | Technology","","",""
2022-10-05,October 5,Wednesday,8:18 PM,meh,"","","",""
2022-10-05,October 5,Wednesday,1:29 PM,meh,"","","","Very tired... Can't motivate myself..."
2022-10-05,October 5,Wednesday,9:16 AM,rad,"family | Dogs","","",""
2022-10-04,October 4,Tuesday,8:27 PM,good,"Dogs","","",""
2022-10-04,October 4,Tuesday,2:33 PM,bad,"","","","Feeling a sudden dip  in mood for some unknown reason..."
2022-10-04,October 4,Tuesday,1:08 PM,rad,"","","",""
2022-10-04,October 4,Tuesday,9:08 AM,rad,"","","",""
2022-10-03,October 3,Monday,8:09 PM,rad,"Dogs","","",""
2022-10-03,October 3,Monday,2:15 PM,awful,"family","","",""
2022-10-03,October 3,Monday,9:32 AM,good,"cleaning","","",""
2022-10-02,October 2,Sunday,9:11 PM,good,"","","",""
2022-10-02,October 2,Sunday,12:58 PM,good,"","","",""
2022-10-02,October 2,Sunday,9:00 AM,good,"","","",""
2022-10-01,October 1,Saturday,9:34 PM,good,"","","",""
2022-10-01,October 1,Saturday,7:30 PM,rad,"Bryan","","",""
2022-10-01,October 1,Saturday,12:59 PM,bad,"cleaning","","","I'm having a really hard time getting back into things. I'm having a really hard time breathing when I do anything. Even just walking.i don't know how we're going to get packed. I want my pre-COVID body back."
2022-09-30,September 30,Friday,7:37 PM,meh,"","","",""
2022-09-30,September 30,Friday,12:57 PM,good,"","","",""
2022-09-30,September 30,Friday,9:52 AM,good,"","","",""
2022-09-29,September 29,Thursday,8:08 PM,good,"","","",""
2022-09-29,September 29,Thursday,4:57 PM,meh,"","","",""
2022-09-28,September 28,Wednesday,8:53 PM,good,"","","",""
2022-09-28,September 28,Wednesday,4:18 PM,meh,"","","","Very anxious Increasing Parnate dose to 40 mg"
2022-09-28,September 28,Wednesday,9:59 AM,meh,"","","","Mom has COVID"
2022-09-27,September 27,Tuesday,8:11 PM,good,"","","",""
2022-09-27,September 27,Tuesday,1:15 PM,good,"","","","I'm pretty sure my mom has COVID..."
2022-09-27,September 27,Tuesday,9:07 AM,good,"","","",""
2022-09-26,September 26,Monday,7:58 PM,good,"Bryan","","",""
2022-09-26,September 26,Monday,9:21 AM,meh,"Sick","","",""
2022-09-25,September 25,Sunday,7:00 PM,good,"","","",""
2022-09-25,September 25,Sunday,2:18 PM,bad,"Sick","","","Well, I have COVID... Fucking hell...  Bryan was nice enough to go get Gatorade and COVID tests with my card.  I tried to go to the doctor but they're closed today. I may do telehealth tomorrow or tonight or something so I do not have to go in anywhere.  I can't believe this...I guess everyone was going to get it at some point...  This feels horrible."
2022-09-25,September 25,Sunday,9:09 AM,meh,"good sleep | Sick","","",""
2022-09-24,September 24,Saturday,9:48 PM,bad,"Bryan","","",""
2022-09-24,September 24,Saturday,1:32 PM,bad,"Bryan","","",""
2022-09-24,September 24,Saturday,12:09 PM,meh,"cleaning","","",""
2022-09-23,September 23,Friday,9:39 PM,awful,"Bryan","","",""
2022-09-23,September 23,Friday,7:01 PM,good,"cleaning","","",""
2022-09-23,September 23,Friday,12:48 PM,rad,"cleaning","","",""
2022-09-23,September 23,Friday,9:00 AM,good,"Relax","","",""
2022-09-22,September 22,Thursday,8:30 PM,bad,"","","",""
2022-09-22,September 22,Thursday,8:08 PM,good,"Relax | cleaning","","",""
2022-09-22,September 22,Thursday,4:35 PM,meh,"","","",""
2022-09-22,September 22,Thursday,2:06 PM,meh,"cleaning","","",""
2022-09-22,September 22,Thursday,9:07 AM,good,"","","",""
2022-09-21,September 21,Wednesday,1:04 PM,rad,"cleaning","","",""
2022-09-21,September 21,Wednesday,12:07 PM,good,"cleaning","","",""
2022-09-20,September 20,Tuesday,9:57 PM,meh,"","","",""
2022-09-20,September 20,Tuesday,2:41 PM,meh,"","","",""
2022-09-19,September 19,Monday,7:03 PM,good,"cleaning","","",""
2022-09-19,September 19,Monday,12:30 PM,meh,"","","",""
2022-09-19,September 19,Monday,9:00 AM,good,"","","",""
2022-09-18,September 18,Sunday,7:17 PM,rad,"friends | Bryan","","",""
2022-09-18,September 18,Sunday,1:23 PM,rad,"Bryan | cleaning","","",""
2022-09-18,September 18,Sunday,10:03 AM,good,"","","",""
2022-09-17,September 17,Saturday,6:58 PM,good,"cleaning","","",""
2022-09-17,September 17,Saturday,12:37 PM,good,"cleaning","","",""
2022-09-16,September 16,Friday,8:00 PM,rad,"","","",""
2022-09-16,September 16,Friday,5:24 PM,rad,"cleaning","","",""
2022-09-16,September 16,Friday,2:28 PM,rad,"family | cleaning","","",""
2022-09-16,September 16,Friday,10:15 AM,good,"family | cleaning | Errands","","",""
2022-09-15,September 15,Thursday,8:01 PM,rad,"cleaning","","",""
2022-09-15,September 15,Thursday,12:35 PM,good,"family","","",""
2022-09-15,September 15,Thursday,10:26 AM,meh,"","","",""
2022-09-14,September 14,Wednesday,8:15 PM,good,"","","",""
2022-09-14,September 14,Wednesday,5:03 PM,good,"cleaning","","",""
2022-09-14,September 14,Wednesday,9:00 AM,good,"Errands","","",""
2022-09-13,September 13,Tuesday,8:11 PM,rad,"Bryan | cleaning","","",""
2022-09-13,September 13,Tuesday,3:09 PM,good,"cleaning","","",""
2022-09-13,September 13,Tuesday,12:50 PM,good,"cleaning","","",""
2022-09-12,September 12,Monday,7:46 PM,rad,"cleaning","","",""
2022-09-12,September 12,Monday,1:36 PM,bad,"","","",""
2022-09-12,September 12,Monday,9:13 AM,good,"family | Dogs","","",""
2022-09-11,September 11,Sunday,7:20 PM,rad,"Bryan","","",""
2022-09-11,September 11,Sunday,1:03 PM,rad,"family | cleaning","","",""
2022-09-10,September 10,Saturday,2:29 PM,meh,"","","",""
2022-09-10,September 10,Saturday,9:54 AM,good,"family","","",""
2022-09-09,September 9,Friday,9:55 PM,awful,"","","",""
2022-09-09,September 9,Friday,7:40 PM,bad,"","","",""
2022-09-09,September 9,Friday,4:16 PM,bad,"","","",""
2022-09-09,September 9,Friday,1:17 PM,rad,"family | Errands","","",""
2022-09-09,September 9,Friday,9:16 AM,good,"","","",""
2022-09-08,September 8,Thursday,7:00 PM,good,"","","",""
2022-09-08,September 8,Thursday,12:46 PM,good,"family | Errands","","",""
2022-09-08,September 8,Thursday,9:23 AM,good,"","","","Feeling very tired this morning"
2022-09-07,September 7,Wednesday,10:07 PM,rad,"friends","","",""
2022-09-07,September 7,Wednesday,1:05 PM,rad,"Bryan | cleaning","","",""
2022-09-07,September 7,Wednesday,9:02 AM,good,"","","",""
2022-09-06,September 6,Tuesday,11:58 PM,rad,"","","",""
2022-09-06,September 6,Tuesday,12:12 PM,good,"family | shopping","","",""
2022-09-05,September 5,Monday,8:22 PM,meh,"","","",""
2022-09-05,September 5,Monday,6:06 PM,good,"Bryan","","",""
2022-09-05,September 5,Monday,4:00 PM,meh,"","","",""
2022-09-05,September 5,Monday,2:00 PM,rad,"Therapy","","",""
2022-09-05,September 5,Monday,12:14 PM,good,"cleaning","","",""
2022-09-04,September 4,Sunday,8:18 PM,good,"Bryan","","",""
2022-09-04,September 4,Sunday,8:11 PM,meh,"","","",""
2022-09-04,September 4,Sunday,4:00 PM,rad,"Bryan | cleaning","","",""
2022-09-04,September 4,Sunday,12:36 PM,meh,"","","",""
2022-09-03,September 3,Saturday,8:02 PM,meh,"","","",""
2022-09-03,September 3,Saturday,12:26 PM,rad,"","","",""
2022-09-03,September 3,Saturday,9:09 AM,rad,"","","",""
2022-09-02,September 2,Friday,8:01 PM,rad,"cleaning","","",""
2022-09-02,September 2,Friday,6:52 PM,good,"cleaning","","",""
2022-09-02,September 2,Friday,2:40 PM,good,"family | shopping","","",""
2022-09-02,September 2,Friday,12:19 PM,meh,"good sleep","","",""
2022-09-01,September 1,Thursday,8:13 PM,meh,"","","",""
2022-08-31,August 31,Wednesday,9:04 PM,good,"family | cleaning","","",""
2022-08-31,August 31,Wednesday,1:07 PM,good,"","","",""
2022-08-30,August 30,Tuesday,10:07 PM,meh,"","","",""
2022-08-30,August 30,Tuesday,12:04 PM,good,"family | cleaning","","",""
2022-08-30,August 30,Tuesday,11:45 AM,meh,"family | cleaning","","",""
2022-08-29,August 29,Monday,8:53 PM,good,"cleaning","","",""
2022-08-29,August 29,Monday,10:13 AM,good,"","","",""
2022-08-28,August 28,Sunday,8:27 PM,meh,"Relax","","",""
2022-08-28,August 28,Sunday,1:25 PM,good,"family | cleaning","","",""
2022-08-28,August 28,Sunday,9:17 AM,meh,"","","",""
2022-08-27,August 27,Saturday,8:18 PM,rad,"Bryan","","",""
2022-08-27,August 27,Saturday,12:11 PM,rad,"Bryan","","",""
2022-08-27,August 27,Saturday,9:33 AM,good,"","","",""
2022-08-26,August 26,Friday,8:29 PM,meh,"","","",""
2022-08-26,August 26,Friday,1:34 PM,meh,"","","",""
2022-08-26,August 26,Friday,10:50 AM,meh,"","","",""
2022-08-25,August 25,Thursday,8:14 PM,good,"friends | Bryan","","",""
2022-08-25,August 25,Thursday,1:36 PM,meh,"","","",""
2022-08-25,August 25,Thursday,12:27 PM,good,"family | New medicine | Relax | cleaning","","",""
2022-08-24,August 24,Wednesday,8:02 PM,good,"","","",""
2022-08-24,August 24,Wednesday,4:43 PM,meh,"","","",""
2022-08-24,August 24,Wednesday,11:28 AM,good,"family | medium sleep","","",""
2022-08-23,August 23,Tuesday,6:20 PM,bad,"","","",""
2022-08-23,August 23,Tuesday,4:21 PM,good,"Therapy","","",""
2022-08-22,August 22,Monday,7:13 PM,good,"","","",""
2022-08-22,August 22,Monday,12:56 PM,meh,"","","",""
2022-08-22,August 22,Monday,9:18 AM,bad,"medium sleep | Antidepressant Washout","","",""
2022-08-21,August 21,Sunday,8:26 PM,rad,"family | friends | Bryan","","",""
2022-08-21,August 21,Sunday,7:23 PM,good,"family | friends | Bryan","","",""
2022-08-20,August 20,Saturday,8:41 PM,bad,"","","","Today started shitty, got better with Bryan, then got shitty again. I love my mom but when I'm only around her and only her I get miserable."
2022-08-20,August 20,Saturday,1:39 PM,rad,"Bryan","","",""
2022-08-20,August 20,Saturday,10:25 AM,awful,"","","",""
2022-08-19,August 19,Friday,9:42 PM,meh,"","","",""
2022-08-18,August 18,Thursday,9:25 PM,rad,"family | Bryan","","",""
2022-08-18,August 18,Thursday,12:29 PM,good,"","","",""
2022-08-17,August 17,Wednesday,7:00 PM,meh,"","","",""
2022-08-16,August 16,Tuesday,8:12 PM,bad,"","","",""
2022-08-15,August 15,Monday,9:26 PM,bad,"","","","Something feels wrong and off..."
2022-08-15,August 15,Monday,3:50 PM,awful,"","","",""
2022-08-14,August 14,Sunday,7:00 PM,meh,"","","",""
2022-08-13,August 13,Saturday,8:18 PM,rad,"family | eat healthy | Sad toilet time | Antibiotics | Antidepressant Washout | cleaning","","",""
2022-08-13,August 13,Saturday,12:17 PM,good,"cleaning","","",""
2022-08-13,August 13,Saturday,9:17 AM,meh,"medium sleep | Junk food | Doctor visit | Antibiotics","","",""
2022-08-12,August 12,Friday,10:00 PM,bad,"Antibiotics","","","I messed up a brand new phone case with a built-in screen protector. I don't know what I'm going to do I keep messing up phone cases and screen protectors. Aaron Brown asked me what I was doing tomorrow. I am sorry but I think I'm done doing things for him. He's a user. I don't know how to tell him that though. I just told him that I'm on clindamycin and I have a staph infection and I feel like shit. Which is true is the truth. But I am going to the doctor tomorrow. And I'm betting that with my new wounds that are weeping that Bryan is not going to want to hang out at all this weekend. As far as phone cases/screen protectors, I guess I'm going to have to either get him or my brother Brian to help me with one of those white stone dome screen protector or whatever things. They seem to be the best. I don't know I'm just really down.  My psychiatrist put me back on MAOIs. I don't feel like talking more about it. I have to go to sleep I have to get up in the morning and go to the doctor. I hope Bryan feels like hanging out. But I am absolutely counting on him not feeling like it. Or wanting to for that matter. I am absolutely expecting his health paranoia to kick in and absolutely prevent us from hanging out. Whatever. Whatever whatever."
2022-08-12,August 12,Friday,12:27 PM,meh,"","","",""
2022-08-11,August 11,Thursday,12:12 PM,good,"Ketamine infusion","","",""
2022-08-10,August 10,Wednesday,8:11 PM,bad,"","","",""
2022-08-09,August 9,Tuesday,11:59 PM,awful,"Lonely/Isolating","","","I just want it to stop."
2022-08-09,August 9,Tuesday,8:36 PM,meh,"Lonely/Isolating | So so tired make it stop | homemade | Antibiotics","","",""
2022-08-09,August 9,Tuesday,9:10 AM,meh,"bad sleep | Doctor visit | Antibiotics","","",""
2022-08-08,August 8,Monday,1:30 PM,meh,"bad sleep | Junk food | Antibiotics | Phonecalls","","",""
2022-08-07,August 7,Sunday,5:54 PM,rad,"friends | Bryan | fast food","","",""
2022-08-07,August 7,Sunday,8:11 AM,good,"friends | Bryan | bad sleep","","",""
2022-08-06,August 6,Saturday,1:49 PM,awful,"Bryan","","",""
2022-08-05,August 5,Friday,8:00 PM,good,"","","",""
2022-08-04,August 4,Thursday,10:34 PM,bad,"","","",""
2022-08-04,August 4,Thursday,4:13 PM,good,"Ketamine infusion","","",""
2022-08-04,August 4,Thursday,12:16 PM,meh,"","","","Pre-ketamine Infusion"
2022-08-03,August 3,Wednesday,8:00 PM,good,"","","",""
2022-08-03,August 3,Wednesday,5:53 PM,good,"Junk food","","","Chocolate cake and vanilla ice cream are on their way! Instacart is good best ever."
2022-08-02,August 2,Tuesday,11:12 PM,meh,"family | good sleep | Nap | So so tired make it stop | Junk food | Increased medicine dose | Spaz time | Phonecalls","","","I have been such a spaz today I can't stop talking about doo doo or farting or anything like that and I don't know what's wrong I'm so tired I can't not sleep I make it want to stop. Thank you."
2022-08-02,August 2,Tuesday,1:45 PM,good,"friends | relax | Nap | Junk food","","",""
2022-08-01,August 1,Monday,8:00 PM,bad,"","","",""
2022-07-31,July 31,Sunday,7:00 PM,meh,"","","",""
2022-07-30,July 30,Saturday,9:00 PM,bad,"Lonely/Isolating","","",""
2022-07-30,July 30,Saturday,6:26 PM,meh,"","","",""
2022-07-29,July 29,Friday,8:16 PM,rad,"family | friends | Bryan","","",""
2022-07-29,July 29,Friday,5:47 PM,rad,"Bryan","","",""
2022-07-29,July 29,Friday,3:07 PM,good,"friends | Bryan","","","At Dr. Liu with Bryan"
2022-07-29,July 29,Friday,1:06 PM,good,"good sleep | fast food","","",""
2022-07-28,July 28,Thursday,8:48 PM,bad,"","","",""
2022-07-28,July 28,Thursday,12:57 PM,meh,"Lonely/Isolating | bad sleep | No carbs | Keto | New medicine","","","I don't feel well..."
2022-07-27,July 27,Wednesday,8:08 PM,good,"","","",""
2022-07-27,July 27,Wednesday,1:51 PM,rad,"family | good sleep | Junk food | Ketamine infusion","","",""
2022-07-26,July 26,Tuesday,10:11 PM,bad,"","","",""
2022-07-26,July 26,Tuesday,3:32 PM,rad,"bad sleep | Junk food | Keto | Fasting | Doctor visit","","","Went to the dermatologist in Guntersville for the last time. Hopefully about to go play Pokémon go work Aaron Brown."
2022-07-25,July 25,Monday,8:45 PM,rad,"Bryan","","😴 Night Brain Dump","<b>What do you need to do tomorrow?</b><br>I have to go to the dermatologist. And they better not make me pay a copay or I'm not going!<br><br><b>What do you need to do this week?</b><br>PACK!!!<br><br><b>What does worry you?<br></b>A lot of stuff... I really don't think this is a good writing prompt...<br><br><b>What are you looking forward to?<br></b>Moving the FUCK out of Arab but will not look forward to being so far away from Bryan...<br><br>"
2022-07-25,July 25,Monday,4:52 PM,meh,"","","",""
2022-07-25,July 25,Monday,3:37 PM,good,"family | Technology | bad sleep | Zero sleep | Keto | Fasting | Good toilet time | Favors","","","Today we switched to AT&T. Yesterday Bryan helped me with my new screen protector."
2022-07-24,July 24,Sunday,8:03 PM,meh,"friends | Bryan | Technology | kindness | Favors","","",""
2022-07-24,July 24,Sunday,3:18 PM,meh,"Bryan | Lonely/Isolating | medium sleep | Junk food | BPD | Groceries","","","I wish this could record see because adawsaaaaaaa see f to the gghhjghgg gf hjhhhhjgggggggghhhjjj"
2022-07-23,July 23,Saturday,9:48 PM,good,"family | Bryan | good sleep | Relax","","",""
2022-07-23,July 23,Saturday,6:31 PM,meh,"Anxiolytics 🤤 | OD","","",""
2022-07-22,July 22,Friday,10:09 PM,awful,"family | friends | Bryan | bad sleep | OD","","",""
2022-07-22,July 22,Friday,6:25 PM,meh,"family | Lonely/Isolating | bad sleep | Junk food","","",""
2022-07-21,July 21,Thursday,11:11 PM,awful,"BPD | OD","","","I overdosed. Klonopin and Lyrica. I hate it when I do this. Was there for something incredibly stupid. I don't want to talk about it because it might trigger me again. I need to talk to Bryan about it. But he doesn't have time for that. And he loses his temper. And then he apologizes. Like he did today. After the fact. I missed my counseling appointment but my therapist called me and he talked to me on the phone. I thought that was wonderful. I have been crying reading all the posts and responses people have made on Facebook and text messages. A guy I don't even know who I have somewhat of a crush on message me to make sure I was okay. Russell."
2022-07-21,July 21,Thursday,10:12 PM,awful,"Bryan","","",""
2022-07-21,July 21,Thursday,3:28 AM,bad,"Zero sleep | Anxiolytics 🤤","","",""
2022-07-20,July 20,Wednesday,9:01 PM,awful,"Bryan","","",""
2022-07-20,July 20,Wednesday,1:51 PM,rad,"good sleep | eat healthy | no sweets | no soda | No carbs | Keto | Phonecalls","","💡 Idea","<b>What is your idea?</b><br><br>I did not want to do a template but it's insisting that I do it anyway. Anyway...<br><br>The issue with my phone is apparently not my phone. It has to do with my SIM card. I spoke with Samsung technical support. The first person I spoke with was on what is apparently called tier 1 support. He transferred me or tried to transfer me to somebody in I got hung up on. I got really frustrated and almost gave up. However I tried the texting technical support. I mentioned to the person who responded that I was hung up on. Apparently that person looked up my number or something and looked up what was going on what my problem was etc and not very long after that I got a phone call. The name was a Korean name, but the number was 1-800 Samsung. I don't know. But when I answered it, it was a guy without an accent (not being racist or anything but there was definitely a language barrier before) who said his name was Tyler.<br><br>Tyler said he was part of premier technical support. This was pretty awesome. We talked, he knew exactly what my problem was, and he said that it's likely that it is my SIM card and the way it is programmed with T-Mobile, and there may not be much we can do with my phone.<br><br>He told me a setting that I can enable which was in developer settings. I did enable it and it did not fix the problem. The pop-up keeps coming up. But I now know that it is not the phone. He recommended that I called t-mobile, and ask to speak with tier 2 technical support or premier Service technical support, or billing and account department. He said that it's not fair for me to have to pay for something that I can't help. That is to say, with me living in a rural area, with AT&amp;t towers being the only ones I have signal with or at least reliable signal with, it's not fair for me to have to worry about my account being permanently terminated because of that. It's not my fault that they don't have T-Mobile towers set up where I live. Granted we are moving to Madison soon, but what if I come visit Bryan? I seem to remember I do have full signal actually at his house with t-mobile. But if I'm driving through a rural area and I don't have signal I don't know. It didn't do this with my pixel. That's all I know. I don't know why it didn't do this with my pixel, maybe it did do it but it didn't make it big deal out of it? Maybe it's a good thing that this phone mentions it to me, because I don't even remember there being a setting on my pixel to disable data roaming. If there was I didn't pay attention to it because I didn't think it was a problem. I didn't think my phone was connecting to AT&amp;t towers if it was. It's ridiculous. The guy I spoke to said he wound up switching to at&amp;t. He said he was with Google Fi for a little while.<br><br>I don't know we'll check it out. We'll fix it. We'll get it taken care of. I'm certain if we switch to AT&amp;t that they will probably pay off my mom's phone and give us a really good offer."
2022-07-19,July 19,Tuesday,8:04 PM,bad,"","","",""
2022-07-19,July 19,Tuesday,5:27 PM,meh,"gaming | Pokémon Go | Fasting | walk","","","Not feeling so great for some reason suddenly.  I tried calling T-Mobile earlier and they couldn't fix my problem with my new phone. I guess I'm going to have to call Samsung tomorrow and see if they can fix it... If not, I very well may return this phone (and watch) and keep my Pixel. Sucks because I really do like this phone and watch otherwise...  If only there was a way to just fucking turn off that goddamn pop-up..."
2022-07-19,July 19,Tuesday,12:37 PM,rad,"eat healthy | homemade | no meat | no soda | No carbs | Keto | cleaning","","",""
2022-07-19,July 19,Tuesday,9:09 AM,good,"bad sleep | Coffee","","",""
2022-07-18,July 18,Monday,8:05 PM,good,"","","","I found out that my online friend, Kyle, is in the hospital for mental health reasons again. Well this does bring me down, it doesn't negatively impact my mood overall. I'm thinking about him and hoping that he feels better. However, this time around, I'm not so much concerned about him feeling better so that I can feel better; rather, I want him to feel better for no one but himself. I am by no means trying to brag on myself in an ostentatious manner, but I do think that that shows progress in myself. Therapy with James has really helped tremendously. I am very grateful that he reached out to me, I guess it was 2 years ago now, and said, ""hey, I believe this therapy will help you. "" And he was right."
2022-07-18,July 18,Monday,7:14 PM,meh,"Sad toilet time","","","I have been constipated for like a week now no matter what I have done, so I stupidly took magnesium citrate, a glycerin suppository, and a saline enema, and now the brown gates are fucking open... I took two Lomotil earlier to try to close them but .... They're uh.... They're still open!!"
2022-07-18,July 18,Monday,4:09 PM,good,"relax","","",""
2022-07-18,July 18,Monday,12:00 PM,good,"eat healthy | Keto","","",""
2022-07-18,July 18,Monday,9:00 AM,good,"good sleep | eat healthy | homemade | No carbs | Coffee","","",""
2022-07-17,July 17,Sunday,8:00 PM,good,"Bryan | Music ","","",""
2022-07-17,July 17,Sunday,4:46 PM,rad,"friends | Bryan","","",""
2022-07-17,July 17,Sunday,1:10 PM,rad,"Bryan | gaming | Pokémon Go | bad sleep | Junk food","","","Br*Y*an and I are sitting in his car playing Pokemon go because it's community day but it's too fucking hot to get outside so we're sitting in this car. Why can't Voice to text spell his name right God damn it? Lol "
2022-07-17,July 17,Sunday,4:48 AM,meh,"Zero sleep","","",""
2022-07-16,July 16,Saturday,8:15 PM,bad,"","","",""
2022-07-16,July 16,Saturday,4:05 PM,rad,"","","",""
2022-07-15,July 15,Friday,8:18 PM,good,"Bryan","","",""
2022-07-15,July 15,Friday,3:08 PM,awful,"","","",""
2022-07-15,July 15,Friday,10:57 AM,awful,"","","","I backed up into my car with my mom's brand new car on my way to the doctor this morning. Apparently the Lyrica that I got is so much more stronger than the last batch I got or something. I have been loopy all fucking day.  I saw Dr Smith and he seemed completely unconcerned. This is natural, I am completely used to this. Apparently I need to stop paying attention to my body. I need to stop worrying about things that make me feel bad. I don't know, maybe I should just die."
2022-07-15,July 15,Friday,7:37 AM,good,"good sleep | eat healthy | homemade | no soda | No carbs | Coffee | New medicine","","",""
2022-07-14,July 14,Thursday,8:00 PM,good,"reading","","",""
2022-07-14,July 14,Thursday,5:53 PM,rad,"family | relax | Anxiolytics 🤤 | kindness | donate | give gift | shopping","","","I went to see my sleep doctor today. He unhesitantly prescribed me Sunosi, And when I asked for the 150 mg dose, he claimed that it would not be covered by my insurance because I don't have narcolepsy. I pulled my phone out and checked to be double sure and yes it is covered for OSA at 150 mg. But I didn't want to argue with him. So then he proceeded to say sometimes it slips by the insurance, which I think is the closest he's going to come to saying"" maybe I'm wrong "".  Hey did give me 150 mg samples which is pretty nice. I think I'm going to split them in half until I am certain my insurance will approve the prior authorization for the 150 mg.  I also picked up the rest of my medicine from Dr Liu. I went ahead and took two Lyrica and oh my God am I so loopy now. I'm surprised I made it home. I don't know what it is, but I think this batch is much stronger.  Fucking forgot to pick up my mom's antibiotic. She has a UTI yet again. This time they prescribed her ciprofloxacin. I have a good feeling that there's something wrong with her taking the antibiotic. Oh my God I just heard a knocking sound from my dad's room. I think my dad is trying to tell me to look into that... I'm going to do that right now that's it for right now."
2022-07-14,July 14,Thursday,2:30 PM,good,"bad sleep | New medicine | Doctor visit","","",""
2022-07-14,July 14,Thursday,11:43 AM,meh,"","","",""
2022-07-14,July 14,Thursday,3:33 AM,bad,"Lonely/Isolating | No carbs | New medicine","","",""
2022-07-13,July 13,Wednesday,8:07 PM,awful,"family | friends","","",""
2022-07-13,July 13,Wednesday,12:46 PM,bad,"","","",""
2022-07-12,July 12,Tuesday,11:15 PM,bad,"","","",""
2022-07-12,July 12,Tuesday,2:05 PM,good,"","","",""
2022-07-11,July 11,Monday,8:00 PM,rad,"friends | Music ","","",""
2022-07-10,July 10,Sunday,10:27 PM,good,"friends | gaming","","","I woke up feeling terrible. I was still extremely depressed after the night before. I managed to get a hold of Bryan and he actually agreed to hang out with me for a little bit. We went to the park and played Pokémon GO, and we had a great time. When we got back to my house, I started getting all down on myself and pitiful and all that. But he said that no I didn't ruin the day and that he had a great day with me. I'm very thankful to have him as a friend. #Bryan #friends #PokemonGo"